{"type":"FeatureCollection","generated_at":"2026-09-28T14:08:11.215Z","features":[{"type":"Feature","id":1,"geometry":{"type":"Polygon","coordinates":[[[-101.79531360284,53.7703762019003],[-102.1376495329,53.7846664292125],[-102.406870580613,53.8895004001234],[-102.624623427629,54.049211002286],[-102.79385785026,54.269904632393],[-102.884833268441,54.5294849477722],[-102.89634459063,54.81987603645],[-102.845712759436,55.0324487884809],[-102.764027337991,55.2055233162481],[-102.584927352515,55.4332766244167],[-102.309177226748,55.6021243385675],[-102.043598433321,55.6717048852723],[-101.686909323406,55.6443744882921],[-101.399683848331,55.5088196762871],[-101.20194091684,55.3255918026197],[-101.091090481441,55.1645142309471],[-100.998028636113,54.9379390346588],[-100.982542310479,54.5472285717413],[-101.034927819663,54.3817623084838],[-101.12152353948,54.1982826246435],[-101.343710044183,53.9584784010574],[-101.579881006703,53.8334996163143],[-101.69360927265,53.8037050769278],[-101.784494758626,53.7820583952788],[-101.79531360284,53.7703762019003]]]},"properties":{"OBJECTID":1,"Id":1,"gridcode":1,"Unixtime":1790600400,"Timestamp":1790600400000,"Shape__Area":61258743004.63281,"Shape__Length":929683.2526833535}},{"type":"Feature","id":2,"geometry":{"type":"Polygon","coordinates":[[[-77.6462863470372,52.7125846180857],[-77.9179535507157,52.7352924997492],[-78.1607075506129,52.8274100569287],[-78.3426763734158,52.9580815502234],[-78.501559599296,53.1501587528243],[-78.598605441288,53.3805920406902],[-78.6244699433332,53.7024594009807],[-78.5908892581327,53.8677008337266],[-78.4778984362638,54.1209229422401],[-78.3349242173787,54.286865846182],[-78.1717152524569,54.4025906070709],[-77.951354371507,54.4953916490055],[-77.6343793231472,54.5208604493503],[-77.3343924682377,54.430541536263],[-77.1060186278573,54.2665591543816],[-76.9685032937919,54.0909665248853],[-76.8802168485287,53.8920814543957],[-76.8256549799933,53.6419440205002],[-76.8618976584501,53.3745036304382],[-76.9755719650741,53.119743681226],[-77.1542582624088,52.9123510241805],[-77.3874434757358,52.7822461037748],[-77.5216672911125,52.7455087981926],[-77.6358721977437,52.7246804996055],[-77.6462863470372,52.7125846180857]]]},"properties":{"OBJECTID":2,"Id":2,"gridcode":1,"Unixtime":1790600400,"Timestamp":1790600400000,"Shape__Area":52655103437.421875,"Shape__Length":860195.845808203}},{"type":"Feature","id":3,"geometry":{"type":"Polygon","coordinates":[[[-60.2490902233351,52.4875292760553],[-60.6010848721691,52.5013158830217],[-60.8588935231176,52.6263935931898],[-60.9942414910519,52.7564265678319],[-61.090585861848,52.8985644172142],[-61.1600674831278,53.0698492941097],[-61.1672620594964,53.4225274276987],[-61.1189504791812,53.5714281788674],[-61.0742002141685,53.6636536546925],[-60.9384475513134,53.8467826029349],[-60.7410643486407,53.98058373695],[-60.5670095598433,54.0511805175669],[-60.2355014672189,54.0579524125738],[-60.0172899659591,53.9871397946659],[-59.8350873194242,53.8520706165658],[-59.7872164069116,53.781455849508],[-59.9457668836347,53.750501184682],[-59.9445707853134,53.6916765296482],[-60.0130001997993,53.64681834599],[-60.0350515763691,53.6238586541537],[-60.0582450919374,53.6015824470724],[-60.0345929221256,53.578856578968],[-60.0355102306126,53.5338455105619],[-60.0125505387763,53.5117761475512],[-59.9797882366378,53.4442640415523],[-59.9670988025676,53.4904082557365],[-59.9684297991958,53.5554022600064],[-59.8552321332563,53.5577135176648],[-59.7764605152405,53.5561037312023],[-59.6772742867789,53.558127205806],[-59.6307523573354,53.5134398933365],[-59.5895544144046,53.2718999782015],[-59.6640002933788,52.9665261842361],[-59.8054726444469,52.7507428525007],[-59.9744732433454,52.6088747997323],[-60.0951352822674,52.5467136599075],[-60.1700937748078,52.5210649951535],[-60.2380555418297,52.4990046253632],[-60.2490902233351,52.4875292760553]]]},"properties":{"OBJECTID":3,"Id":3,"gridcode":1,"Unixtime":1790600400,"Timestamp":1790600400000,"Shape__Area":39032370041.546875,"Shape__Length":844646.7426225083}},{"type":"Feature","id":4,"geometry":{"type":"Polygon","coordinates":[[[-122.793494124454,52.4425182076492],[-123.142970671559,52.4531392010134],[-123.175840892343,52.629226457635],[-123.222407787889,52.7306969640937],[-123.352872437113,52.8897060950603],[-123.222857448912,53.0941309893537],[-123.023306880108,53.2335259064955],[-122.773394276724,53.343521985951],[-122.502221700171,53.416151234392],[-122.127995810358,53.4659107232014],[-121.903084359855,53.4302885769563],[-121.834421121637,53.3987673392414],[-121.771360659767,53.1945672754595],[-121.692975750231,53.0503070260485],[-121.87409021709,52.8475998368631],[-122.12782493917,52.690749078807],[-122.473074672658,52.5341681173648],[-122.691582950193,52.4756402386062],[-122.78287313109,52.4543982518779],[-122.793494124454,52.4425182076492]]]},"properties":{"OBJECTID":4,"Id":4,"gridcode":2,"Unixtime":1790600400,"Timestamp":1790600400000,"Shape__Area":23489674029.984375,"Shape__Length":581514.6530555532}},{"type":"Feature","id":5,"geometry":{"type":"Polygon","coordinates":[[[-116.851889203324,50.39446513246],[-117.266908341147,50.4058505495633],[-117.524159412427,50.4873021472764],[-117.798272772071,50.6643157056054],[-117.957066065746,50.8594236235015],[-118.076523013127,51.1331682611064],[-118.089338352283,51.4565464824343],[-118.023669856479,51.6251873525144],[-117.904428746389,51.7877667920039],[-117.72838645587,51.9089054716103],[-117.506083039301,52.0002136389484],[-117.199836902951,52.0698661314169],[-116.638264244499,52.0921243520573],[-116.287519653309,52.0085773339769],[-116.056501806113,51.872752725358],[-115.952612123351,51.7217925267038],[-115.8958019497,51.5597077143397],[-115.920614244951,51.2168321910528],[-116.039180863506,50.9656065774817],[-116.18056328237,50.7728548833463],[-116.41869476695,50.5716225823164],[-116.71167590312,50.4369670923575],[-116.841061365889,50.4061473258385],[-116.851889203324,50.39446513246]]]},"properties":{"OBJECTID":5,"Id":5,"gridcode":2,"Unixtime":1790600400,"Timestamp":1790600400000,"Shape__Area":58541741433.875,"Shape__Length":873358.3556966563}},{"type":"Feature","id":6,"geometry":{"type":"Polygon","coordinates":[[[-90.0021258973922,50.2144118656152],[-90.4097705944373,50.227290157315],[-90.684720323584,50.3357394028512],[-90.9547867340205,50.5359374835281],[-91.152673557039,50.8110760703045],[-91.2503848973451,51.0965658538312],[-91.2582629584687,51.482500916684],[-91.191515276209,51.7191665063293],[-91.0347544503575,51.9956540761748],[-90.7838705791638,52.2163656927226],[-90.4999546092178,52.3392040909961],[-90.2123694053237,52.3759593830192],[-89.9272933099382,52.320309334808],[-89.7093875781741,52.2145850350714],[-89.5088027890175,52.0555669108843],[-89.3407374850468,51.8076148295608],[-89.2727037722612,51.6088646573781],[-89.225894059763,51.3344185485772],[-89.2671729416779,51.0701167924561],[-89.3330213018915,50.8671937659796],[-89.378293173691,50.7738801104788],[-89.5568535659392,50.5015294220453],[-89.7611615483667,50.3300197146382],[-89.8724706380095,50.2726789409804],[-89.9911002091073,50.2258872149231],[-90.0021258973922,50.2144118656152]]]},"properties":{"OBJECTID":6,"Id":6,"gridcode":1,"Unixtime":1790600400,"Timestamp":1790600400000,"Shape__Area":67710397889.14844,"Shape__Length":976265.1477530176}},{"type":"Feature","id":7,"geometry":{"type":"Polygon","coordinates":[[[-67.2709877658726,49.3591835794587],[-67.3018974645963,49.3878179934057],[-67.4110481813285,49.6379464340807],[-67.480251012774,49.9422320483704],[-67.4897028874782,50.1806513160055],[-67.4511039852607,50.5032111542714],[-67.3855164284404,50.7103609943645],[-67.2898825220607,50.9376196754078],[-67.0594222545333,51.3731433558813],[-67.0535227019111,51.5219361884045],[-67.0974725703028,51.6150609862756],[-67.2216869313067,51.7491139304636],[-67.4899636908715,51.9976955372193],[-67.6576602728033,52.2163836791635],[-67.7917312034322,52.4697406859839],[-67.8430285329404,52.6655051089737],[-67.8532987907066,52.9246987158731],[-67.8100953596131,53.1509681426658],[-67.7235895720011,53.3342679620969],[-67.5811909192255,53.5284136054037],[-67.4071001575462,53.6619179631436],[-67.281338962623,53.7284588013327],[-67.1347944352149,53.7798280766045],[-66.8861588691365,53.8122486363655],[-66.6367858589801,53.77251658837],[-66.3577172348624,53.6408198679426],[-66.1793367070234,53.4755334690944],[-66.0723623496427,53.3200766602098],[-65.9848583145595,53.1195638168168],[-65.9323019341869,52.8683651829069],[-65.9617996972981,52.548224520945],[-66.0533686680295,52.2589755712657],[-66.2680638200891,51.8025696328823],[-66.2739453862705,51.6543703529095],[-66.2291681415964,51.5595098634895],[-66.143085035346,51.4666009029094],[-65.8076289189394,51.1824421160109],[-65.5865665667936,50.9275562617122],[-65.399021947305,50.5731334433538],[-65.3378140888491,50.2805659953245],[-65.6074488247035,50.2336213845194],[-65.8196618479159,50.2252037301681],[-65.9431297716216,50.2575613373859],[-66.0517588815671,50.1742571362579],[-66.2474603520135,50.1820092922951],[-66.2451580875756,50.1239760406618],[-66.3149095054692,50.0910608537754],[-66.3932494489029,50.0496021074514],[-66.5550374849919,50.1352085730173],[-66.6553478660111,50.0897658300291],[-66.7246766025431,50.0149422357956],[-66.8937941133076,49.9746616013519],[-66.972988412685,49.8068481075542],[-67.122284865554,49.7712889138524],[-67.1470791743644,49.6156342541176],[-67.1935381512646,49.5725927009925],[-67.1892573783253,49.4645481503769],[-67.2142945040881,49.4375235228924],[-67.2594224843601,49.3957050477498],[-67.2709877658726,49.3591835794587]]]},"properties":{"OBJECTID":7,"Id":7,"gridcode":1,"Unixtime":1790600400,"Timestamp":1790600400000,"Shape__Area":119377612628.94531,"Shape__Length":1930609.8365138557}},{"type":"Feature","id":8,"geometry":{"type":"Polygon","coordinates":[[[-99.9948259004948,48.9090639021774],[-100.459361710175,48.9228505091438],[-100.708303045749,49.0436204667113],[-100.792218785868,49.2065236621374],[-100.838578837343,49.4328830211346],[-100.813208962424,49.8273256705434],[-100.751344598874,50.0179639578704],[-100.599458098512,50.2858719953963],[-100.387784668528,50.46356004526],[-100.166551445193,50.5592838838443],[-99.9207667300005,50.5952028063645],[-99.6875815166736,50.5496791243922],[-99.4942902293106,50.4559068146478],[-99.2942180537202,50.2636767272992],[-99.1795275131841,50.0410405615727],[-99.1384554753399,49.7600114153946],[-99.2064352288027,49.4811676217884],[-99.3163413760536,49.2960241921628],[-99.4509788795716,49.1558918309433],[-99.6601611874888,49.0140957239386],[-99.8089899928938,48.9631581232489],[-99.98380021221,48.9205392514854],[-99.9948259004948,48.9090639021774]]]},"properties":{"OBJECTID":8,"Id":8,"gridcode":1,"Unixtime":1790600400,"Timestamp":1790600400000,"Shape__Area":43273563575.17578,"Shape__Length":772230.7581527858}},{"type":"Feature","id":9,"geometry":{"type":"Polygon","coordinates":[[[-123.446168106173,48.3914231256768],[-123.462005167405,48.5819445011379],[-123.455727899523,48.6600506208396],[-123.306485405977,48.6480536647449],[-123.221103770922,48.5489663617083],[-123.282617398874,48.513847835809],[-123.165885397293,48.4168739395807],[-123.301853897439,48.3685983321474],[-123.446168106173,48.3914231256768]]]},"properties":{"OBJECTID":9,"Id":9,"gridcode":2,"Unixtime":1790600400,"Timestamp":1790600400000,"Shape__Area":1090471161.53125,"Shape__Length":144702.13099428362}},{"type":"Feature","id":10,"geometry":{"type":"Polygon","coordinates":[[[-122.140811149515,47.9863145168016],[-122.218341703107,48.0084738120169],[-122.193979068879,48.1062840777481],[-122.133706505351,48.1137754303919],[-122.086824847089,48.0340325445663],[-122.130810688363,47.9988061000216],[-122.140811149515,47.9863145168016]]]},"properties":{"OBJECTID":10,"Id":10,"gridcode":2,"Unixtime":1790600400,"Timestamp":1790600400000,"Shape__Area":204825431.0703125,"Shape__Length":56993.39375979778}},{"type":"Feature","id":11,"geometry":{"type":"Polygon","coordinates":[[[-64.6152717773706,47.7162391131446],[-64.7277949517755,47.8512723183629],[-64.7094128091538,47.8779012441472],[-64.6125018654686,47.9448108043752],[-64.5835706752464,48.0221345138968],[-64.5362033830796,48.0548338634921],[-64.4263242154901,48.0086806560875],[-64.4637360126068,47.8417754775563],[-64.5556737053772,47.7315275879279],[-64.6152717773706,47.7162391131446]]]},"properties":{"OBJECTID":11,"Id":11,"gridcode":1,"Unixtime":1790600400,"Timestamp":1790600400000,"Shape__Area":1052330516.9804688,"Shape__Length":137352.68732596113}},{"type":"Feature","id":12,"geometry":{"type":"Polygon","coordinates":[[[-122.343365453952,47.5586958771131],[-122.459377997896,47.5690111009816],[-122.475817604899,47.64236880028],[-122.435572943337,47.7006628553066],[-122.244152245829,47.65154188515],[-122.262534388451,47.5903969792373],[-122.334174382642,47.5720058433951],[-122.343365453952,47.5586958771131]]]},"properties":{"OBJECTID":12,"Id":12,"gridcode":2,"Unixtime":1790600400,"Timestamp":1790600400000,"Shape__Area":419688377.40625,"Shape__Length":79965.71861790637}},{"type":"Feature","id":13,"geometry":{"type":"Polygon","coordinates":[[[-122.230842279548,47.468673740301],[-122.298354385546,47.468673740301],[-122.298354385546,47.5361858462999],[-122.230842279548,47.5361858462999],[-122.230842279548,47.468673740301]]]},"properties":{"OBJECTID":13,"Id":13,"gridcode":2,"Unixtime":1790600400,"Timestamp":1790600400000,"Shape__Area":83606986.984375,"Shape__Length":37280.298126954585}},{"type":"Feature","id":14,"geometry":{"type":"Polygon","coordinates":[[[-122.230842279548,47.3336315418622],[-122.329237104609,47.3437309284397],[-122.306772039898,47.4095163361101],[-122.208350235175,47.4545453909571],[-122.179131261898,47.3734535220625],[-122.222460598078,47.3477598912061],[-122.230842279548,47.3336315418622]]]},"properties":{"OBJECTID":14,"Id":14,"gridcode":2,"Unixtime":1790600400,"Timestamp":1790600400000,"Shape__Area":206357005.90625,"Shape__Length":58047.42515445964}},{"type":"Feature","id":15,"geometry":{"type":"Polygon","coordinates":[[[-122.455897621578,47.198598336644],[-122.488210262693,47.2235365369817],[-122.435177241636,47.2513076017645],[-122.455897621578,47.198598336644]]]},"properties":{"OBJECTID":15,"Id":15,"gridcode":1,"Unixtime":1790600400,"Timestamp":1790600400000,"Shape__Area":20252222.8125,"Shape__Length":21842.276658088012}},{"type":"Feature","id":16,"geometry":{"type":"Polygon","coordinates":[[[-64.9753693178397,48.0988376912065],[-65.212016921044,48.0002899813976],[-65.3881851166498,47.9728336793309],[-65.4441859004589,47.9761701641219],[-65.5261321252973,48.0207045918435],[-65.5930956448481,48.0514344261579],[-65.8424776482248,48.1094586845707],[-65.8862296657664,48.133236759469],[-65.9471137682857,48.1544697529768],[-66.0437729017979,48.0869576469779],[-66.0976602787987,48.0622172974903],[-66.2250852195072,48.0698165687797],[-66.2688282438284,48.0180965579099],[-66.1794446256689,48.0234205444227],[-66.1074898687623,48.0191307782629],[-66.0569209901116,47.9625364419034],[-65.8187085665471,47.9306824550313],[-65.7033525276969,47.8593662167776],[-65.6565697948601,47.7078574316752],[-65.5391183356426,47.6831080889672],[-65.3929964895963,47.7625182256357],[-65.2263251347971,47.8390145588748],[-65.0139682200572,47.8638898066693],[-64.8291125734864,47.8393113351501],[-64.7277949517755,47.8512723183629],[-64.6152717773706,47.7162391131446],[-64.6297328758715,47.6952849094711],[-64.740745189239,47.6537452241628],[-64.8267113836234,47.5217337410194],[-64.840327119401,47.468673740301],[-65.0477377628874,47.4116207496979],[-66.2072786429949,47.1875726483591],[-66.4780105517455,47.2178078555482],[-66.6697729916302,47.4020609563481],[-66.7558381114396,47.6009640132787],[-66.4093832864095,48.0379445954668],[-66.1882759681613,48.2286458353371],[-65.9871965518793,48.3322297486041],[-65.7132090973219,48.4024488139617],[-65.4304982189176,48.3726362881343],[-65.1872945579974,48.2767145986999],[-65.0447070475921,48.1710172786246],[-64.9753693178397,48.0988376912065]]]},"properties":{"OBJECTID":16,"Id":16,"gridcode":2,"Unixtime":1790600400,"Timestamp":1790600400000,"Shape__Area":26626012572.714844,"Shape__Length":1002989.1134673024}},{"type":"Feature","id":17,"geometry":{"type":"Polygon","coordinates":[[[-110.842763182974,46.8835118645809],[-111.145519949786,46.8961563325488],[-111.402348339704,47.0173579646984],[-111.70324350988,47.2961567922023],[-111.736797215419,47.4565328926789],[-111.690599041912,47.6504537054742],[-111.566717430065,47.9129478242828],[-111.333064569274,48.1651267192228],[-111.139332614109,48.2446987338595],[-110.915050689038,48.2124850181692],[-110.7413736155,48.0515693244648],[-110.587589545621,47.8280788027946],[-110.516848873477,47.5864579486755],[-110.544655911141,47.2467390457704],[-110.641593834488,47.0413428836672],[-110.728944984823,46.9470669535771],[-110.78606992119,46.9168407396085],[-110.83193534554,46.8951940579595],[-110.842763182974,46.8835118645809]]]},"properties":{"OBJECTID":17,"Id":17,"gridcode":2,"Unixtime":1790600400,"Timestamp":1790600400000,"Shape__Area":22659815783.695312,"Shape__Length":570738.9134037138}},{"type":"Feature","id":18,"geometry":{"type":"Polygon","coordinates":[[[-122.073299043516,46.6809575601434],[-122.375947891682,46.6935930348907],[-122.523949320804,46.8307216604763],[-122.575750270658,46.9286218584121],[-122.73680086267,47.279033700445],[-122.707671821597,47.3379303012425],[-122.527411710682,47.4119804785163],[-122.362386115227,47.3261671688798],[-122.317716789198,47.185072533071],[-122.220014442113,47.0518829380472],[-122.088767382709,46.8905985223041],[-122.073299043516,46.6809575601434]],[[-122.455897621578,47.198598336644],[-122.435177241636,47.2513076017645],[-122.488210262693,47.2235365369817],[-122.455897621578,47.198598336644]]]},"properties":{"OBJECTID":18,"Id":18,"gridcode":2,"Unixtime":1790600400,"Timestamp":1790600400000,"Shape__Area":4937676900.3359375,"Shape__Length":329382.16338152805}},{"type":"Feature","id":19,"geometry":{"type":"Polygon","coordinates":[[[-70.961985307376,46.6359464917373],[-71.1726784763305,46.6511720139774],[-71.1838930222451,46.8393461588982],[-71.1352127198911,46.8938270884494],[-70.9569760835793,46.9044570750341],[-70.8880790216295,46.7776706529783],[-70.9275952323341,46.6915785535075],[-70.961985307376,46.6359464917373]]]},"properties":{"OBJECTID":19,"Id":19,"gridcode":2,"Unixtime":1790600400,"Timestamp":1790600400000,"Shape__Area":1168512482.203125,"Shape__Length":130964.1499982522}},{"type":"Feature","id":20,"geometry":{"type":"Polygon","coordinates":[[[-63.0398394170554,46.0957956844234],[-63.09653267884,46.1291335526714],[-63.1186110350711,46.1529565936719],[-63.1815995511783,46.0849768402091],[-63.3441070449041,46.1291335526714],[-63.5007869317714,46.1749989770212],[-63.6745449442937,46.1987500722581],[-63.7708623354284,46.2650211138334],[-63.8392377905915,46.3091778262958],[-63.8608844722405,46.355052243866],[-64.175179540903,46.3801613153925],[-64.1768612731292,46.4225103905422],[-64.1329923437216,46.5054098967494],[-64.1303213572448,46.5728590502051],[-64.4452999106623,46.6063767828623],[-64.4496436361449,46.7159142080743],[-64.3317964752271,46.8251008976883],[-64.2081486871122,46.9585512961055],[-64.1467609642471,46.9875274524301],[-63.9878237790441,47.0968940064533],[-63.9483255547805,47.0496436261525],[-63.9517879446578,46.9622834825967],[-63.9483885073237,46.8765960780466],[-63.9959176774588,46.7867627988642],[-63.8430689025078,46.6721801769737],[-63.68169455456,46.6017542675455],[-63.5102477996961,46.5609160534332],[-63.4341291817163,46.5342421615466],[-63.2982326273339,46.5125954798976],[-63.2078687481442,46.4504163536319],[-63.0082012674745,46.442493326406],[-62.7805918508332,46.4667210623272],[-62.5220907219092,46.5117321307333],[-61.9262179206205,46.4873605032847],[-61.9633779075643,46.4133103260108],[-62.1504189067071,46.331687857109],[-62.301801786723,46.2956250430614],[-62.3538365603089,46.2200100454273],[-62.3863380590541,46.1511399631389],[-62.4222839612357,46.1525608919717],[-62.4200356561206,46.0957956844234],[-62.4218163137718,46.0507846160173],[-62.4190553950904,45.9811411167692],[-62.5542234986155,45.9337648313819],[-62.7731724439531,45.9250863736373],[-62.8717651198643,45.9562928486362],[-62.960645117678,46.0174557409898],[-63.0949408788184,46.0430954125234],[-63.0506672544901,46.0841134910448],[-63.0398394170554,46.0957956844234]],[[-62.9896212740025,46.1066055354172],[-63.0108003081876,46.1487837393781],[-63.0398394170554,46.0957956844234],[-62.9896212740025,46.1066055354172]]]},"properties":{"OBJECTID":20,"Id":20,"gridcode":1,"Unixtime":1790600400,"Timestamp":1790600400000,"Shape__Area":17274665559.972656,"Shape__Length":848714.1993382208}},{"type":"Feature","id":21,"geometry":{"type":"Polygon","coordinates":[[[-62.6347308081802,45.7807182055808],[-62.6150446485916,45.8574213828906],[-62.4679965008378,45.8364132198943],[-62.5033128775872,45.7903139718125],[-62.6347308081802,45.7807182055808]]]},"properties":{"OBJECTID":21,"Id":21,"gridcode":1,"Unixtime":1790600400,"Timestamp":1790600400000,"Shape__Area":154799387.72265625,"Shape__Length":52212.12459830569}},{"type":"Feature","id":22,"geometry":{"type":"Polygon","coordinates":[[[-122.433396583985,45.3981106342984],[-122.528607809003,45.4246226482167],[-122.54182784308,45.5140692189194],[-122.442155980714,45.5879665114454],[-122.356072874463,45.5495744532985],[-122.375678095068,45.47543434382],[-122.433396583985,45.3981106342984]]]},"properties":{"OBJECTID":22,"Id":22,"gridcode":2,"Unixtime":1790600400,"Timestamp":1790600400000,"Shape__Area":411069484.75,"Shape__Length":79023.36644667135}},{"type":"Feature","id":23,"geometry":{"type":"Polygon","coordinates":[[[-121.105538589734,45.3756006034852],[-121.265806771565,45.3919502782828],[-121.341008081058,45.5705196637515],[-121.278271375124,45.6977197739485],[-121.1782667636,45.7686223240611],[-121.080771260585,45.7008224350075],[-121.027603341221,45.5560315855893],[-121.048431639808,45.453535851998],[-121.105538589734,45.3756006034852]]]},"properties":{"OBJECTID":23,"Id":23,"gridcode":4,"Unixtime":1790600400,"Timestamp":1790600400000,"Shape__Area":1526727457.84375,"Shape__Length":154337.7313426078}},{"type":"Feature","id":24,"geometry":{"type":"Polygon","coordinates":[[[-121.083028558921,45.1730462990475],[-121.22978892362,45.1914104552284],[-121.358131172815,45.2941759854335],[-121.388852013909,45.4570701876391],[-121.354291067679,45.655667475074],[-121.231506628728,45.8578170845909],[-121.148463230993,45.8681413016798],[-121.065365873936,45.7642426256967],[-120.940800777334,45.5523353719799],[-120.87046480011,45.3227654332782],[-120.944452024841,45.2223111607316],[-121.073019104548,45.185546875488],[-121.083028558921,45.1730462990475]],[[-121.105538589734,45.3756006034852],[-121.048431639808,45.453535851998],[-121.027603341221,45.5560315855893],[-121.080771260585,45.7008224350075],[-121.1782667636,45.7686223240611],[-121.278271375124,45.6977197739485],[-121.341008081058,45.5705196637515],[-121.265806771565,45.3919502782828],[-121.105538589734,45.3756006034852]]]},"properties":{"OBJECTID":24,"Id":24,"gridcode":3,"Unixtime":1790600400,"Timestamp":1790600400000,"Shape__Area":2835613192.5234375,"Shape__Length":423182.70876029803}},{"type":"Feature","id":25,"geometry":{"type":"Polygon","coordinates":[[[-120.362833477983,44.9930020254232],[-120.959677547081,45.003829862858],[-121.105538589734,45.0096035103938],[-121.332770291116,45.0006012967125],[-121.422720482165,45.0430582905078],[-121.521385103839,45.4195864447587],[-121.365928294955,45.6734740515863],[-121.354291067679,45.9671476657323],[-121.41990560416,46.1356536375055],[-121.521259198753,46.3271822536582],[-121.52314777505,46.374882294982],[-121.479764479547,46.4217099939212],[-121.289360015952,46.3861238205579],[-121.141997105482,46.2909665548627],[-121.071930924872,46.1585503767985],[-121.04222631769,45.8485720539572],[-120.987637469494,45.7329102456114],[-120.882605647732,45.5993519285487],[-120.741079337342,45.5019643441792],[-120.577069975799,45.4539495401393],[-120.337526555606,45.3968875563157],[-120.217422096353,45.2402706219917],[-120.211873279328,45.1002102065359],[-120.278953710745,45.0278147818268],[-120.352014633768,45.0046842188017],[-120.362833477983,44.9930020254232]],[[-121.083028558921,45.1730462990475],[-121.073019104548,45.185546875488],[-120.944452024841,45.2223111607316],[-120.87046480011,45.3227654332782],[-120.940800777334,45.5523353719799],[-121.065365873936,45.7642426256967],[-121.148463230993,45.8681413016798],[-121.231506628728,45.8578170845909],[-121.354291067679,45.655667475074],[-121.388852013909,45.4570701876391],[-121.358131172815,45.2941759854335],[-121.22978892362,45.1914104552284],[-121.083028558921,45.1730462990475]]]},"properties":{"OBJECTID":25,"Id":25,"gridcode":2,"Unixtime":1790600400,"Timestamp":1790600400000,"Shape__Area":11867741117.351562,"Shape__Length":923477.5725377764}},{"type":"Feature","id":26,"geometry":{"type":"Polygon","coordinates":[[[-66.7308369585587,44.5428823481419],[-66.7891669864672,44.5520734194528],[-66.8539991127688,44.579304891008],[-66.9384724325566,44.5603651687176],[-66.9526457480028,44.6235785153363],[-66.8582708924876,44.7972376024335],[-66.7576187690909,44.8395147318195],[-66.6792968120981,44.7384669067225],[-66.6317406623016,44.6252332679011],[-66.712454815937,44.5695112739262],[-66.7308369585587,44.5428823481419]]]},"properties":{"OBJECTID":26,"Id":26,"gridcode":1,"Unixtime":1790600400,"Timestamp":1790600400000,"Shape__Area":1046768806.1679688,"Shape__Length":130816.75088607866}},{"type":"Feature","id":27,"geometry":{"type":"Polygon","coordinates":[[[-93.1754826623949,43.8001772363904],[-93.2684815551796,43.8296210401789],[-93.5754831220484,44.3105155178769],[-93.761660772027,44.5114510426316],[-94.0415387859861,44.7315421269677],[-93.937640110003,44.844676840364],[-93.7013972017194,44.9194734549361],[-93.5349866503136,45.0736622197358],[-93.3928937670337,45.3324871045963],[-93.3347885696367,45.1489714478741],[-93.1905193270053,45.0496952872078],[-93.1010367834207,45.0890496199441],[-93.0071205821491,45.2255307336565],[-93.0429675589057,45.3815810950916],[-93.1797274624524,45.4539495401393],[-93.277195985806,45.4323028584902],[-93.3705636006296,45.3995765292335],[-93.4322391065494,45.813219704326],[-93.3889277568105,45.814937409434],[-93.3321085899394,45.7848730734337],[-93.2763326366418,45.8365481182012],[-93.2327424970685,45.8835916544314],[-92.8870251161162,45.5985425387073],[-92.5758057288513,45.4271137702843],[-92.31989464742,45.3220010095391],[-92.0835168408295,45.2522495916454],[-92.0393601283672,45.2288852048884],[-91.9305511540125,45.1944411705237],[-91.9043179299285,45.1388630680762],[-91.8379299764872,45.0773494401246],[-91.830060908584,44.8787071865875],[-91.8809535431714,44.8237765960132],[-91.935713262557,44.7730458393941],[-91.9003519197053,44.7062262113706],[-92.0610068100162,44.6212222915756],[-92.3303267831545,44.5627663585807],[-92.4870606293445,44.5017293713135],[-92.7715161925182,44.3180428434026],[-92.9022146654744,44.1574419124144],[-93.0737783322042,43.9235372414506],[-93.1754826623949,43.8001772363904]]]},"properties":{"OBJECTID":27,"Id":27,"gridcode":2,"Unixtime":1790600400,"Timestamp":1790600400000,"Shape__Area":35546418916.94531,"Shape__Length":1031799.5401735124}},{"type":"Feature","id":28,"geometry":{"type":"Polygon","coordinates":[[[-68.8239011021541,43.7551661679843],[-68.8826358249833,43.7639525443745],[-68.9002085777636,43.7913908600003],[-68.9452196461697,43.820214131577],[-68.916261476286,43.9210910854853],[-68.8126505833577,43.8919710376334],[-68.7088148599178,43.921145044808],[-68.6937961817483,43.8677073288303],[-68.7451294841383,43.8532822032112],[-68.7812102846269,43.8634175626705],[-68.8151237189844,43.8139008908135],[-68.8239011021541,43.7551661679843]]]},"properties":{"OBJECTID":28,"Id":28,"gridcode":1,"Unixtime":1790600400,"Timestamp":1790600400000,"Shape__Area":372669349.6171875,"Shape__Length":95229.68297225097}},{"type":"Feature","id":29,"geometry":{"type":"Polygon","coordinates":[[[-65.9431297716216,43.5076007951407],[-66.0407152068412,43.5165490494991],[-65.9999219588313,43.5474497550023],[-65.9506840768086,43.5225475275465],[-65.9431297716216,43.5076007951407]]]},"properties":{"OBJECTID":29,"Id":29,"gridcode":1,"Unixtime":1790600400,"Timestamp":1790600400000,"Shape__Area":33569857.31640625,"Shape__Length":26644.044008892823}},{"type":"Feature","id":30,"geometry":{"type":"Polygon","coordinates":[[[-101.660280397622,42.9449489502339],[-101.976176259527,42.9581330114294],[-102.206007001622,43.1065481286932],[-102.343072674664,43.3057389686786],[-102.413804353588,43.5473598227977],[-102.386042282026,43.9153893837131],[-102.221421381491,44.207830926656],[-102.052025080893,44.3456880030989],[-101.859417278285,44.3961579563247],[-101.728979608722,44.3588990439558],[-101.585438816948,44.2662059206668],[-101.423983530016,44.0315727988457],[-101.360311529154,43.8499097455384],[-101.311865050532,43.6183702915558],[-101.346237139133,43.3167736501839],[-101.434892306435,43.1289232611996],[-101.505300229422,43.0529305483062],[-101.581077105024,43.0007878560748],[-101.649452560187,42.9566311436124],[-101.660280397622,42.9449489502339]]]},"properties":{"OBJECTID":30,"Id":30,"gridcode":2,"Unixtime":1790600400,"Timestamp":1790600400000,"Shape__Area":21094034304.98828,"Shape__Length":555728.2266981172}},{"type":"Feature","id":31,"geometry":{"type":"Polygon","coordinates":[[[-84.5331506843565,42.7423946457964],[-84.5861297460909,42.7537890561201],[-84.5612994643987,42.7937459346273],[-84.5331506843565,42.7423946457964]]]},"properties":{"OBJECTID":31,"Id":31,"gridcode":2,"Unixtime":1790600400,"Timestamp":1790600400000,"Shape__Area":20255680.1953125,"Shape__Length":21199.267982682763}},{"type":"Feature","id":32,"geometry":{"type":"Polygon","coordinates":[[[-83.1152705532933,42.2697649377018],[-83.1445165062317,42.2822835005832],[-83.124281760195,42.3209093824621],[-83.1152705532933,42.2697649377018]]]},"properties":{"OBJECTID":32,"Id":32,"gridcode":2,"Unixtime":1790600400,"Timestamp":1790600400000,"Shape__Area":11584727.8203125,"Shape__Length":17758.01517581552}},{"type":"Feature","id":33,"geometry":{"type":"Polygon","coordinates":[[[-83.0252394232607,42.247263900109],[-83.1019515937909,42.2669410664771],[-83.0442780709761,42.3214399824693],[-83.0252394232607,42.247263900109]]]},"properties":{"OBJECTID":33,"Id":33,"gridcode":2,"Unixtime":1790600400,"Timestamp":1790600400000,"Shape__Area":44519827.7734375,"Shape__Length":30814.22459511587}},{"type":"Feature","id":34,"geometry":{"type":"Polygon","coordinates":[[[-81.6748803914169,41.4595477199514],[-81.7024985714518,41.4676685980274],[-81.6825785881313,41.4857359779331],[-81.6748803914169,41.4595477199514]]]},"properties":{"OBJECTID":34,"Id":34,"gridcode":1,"Unixtime":1790600400,"Timestamp":1790600400000,"Shape__Area":5464113.296875,"Shape__Length":10768.573865778331}},{"type":"Feature","id":35,"geometry":{"type":"Polygon","coordinates":[[[-69.9492047919675,41.2119823471077],[-70.1990004834855,41.2260837167902],[-70.3651412382775,41.3333638436665],[-70.2989781153477,41.3713242272314],[-70.190052229127,41.3136866772984],[-70.0725288241459,41.3578523829812],[-70.0752088038432,41.4253554957596],[-69.9856992805973,41.3846971460565],[-69.9273332798069,41.2743952971053],[-69.9492047919675,41.2119823471077]]]},"properties":{"OBJECTID":35,"Id":35,"gridcode":1,"Unixtime":1790600400,"Timestamp":1790600400000,"Shape__Area":791929047.421875,"Shape__Length":139824.503810915}},{"type":"Feature","id":36,"geometry":{"type":"Polygon","coordinates":[[[-71.5246371522827,41.1219512170751],[-71.6461535471484,41.1325002646756],[-71.6121142077045,41.2659776427541],[-71.5318317286513,41.2402030729136],[-71.5104008842933,41.1551272073548],[-71.5246371522827,41.1219512170751]]]},"properties":{"OBJECTID":36,"Id":36,"gridcode":1,"Unixtime":1790600400,"Timestamp":1790600400000,"Shape__Area":228968524.27734375,"Shape__Length":61406.514683192785}},{"type":"Feature","id":37,"geometry":{"type":"Polygon","coordinates":[[[-82.1250000686982,41.0319290802629],[-82.3227430001892,41.052541541559],[-82.4946574025171,41.2061457470287],[-82.503731561962,41.3582660711224],[-82.4929936567318,41.5383193379672],[-82.499028107661,41.6394930681507],[-82.464206358037,41.7522680527285],[-82.3394434105849,41.9665675030879],[-82.3156653356866,41.9878094898162],[-82.2834066538939,42.0239082767457],[-82.171081330339,42.1023741252657],[-82.1357469671487,42.1002697116779],[-82.0918780377412,42.1241107391194],[-82.0033847484074,42.1647241227202],[-81.9682302496263,42.2040604690155],[-81.7912616573995,42.214609516616],[-81.7092704664588,42.1228426950344],[-81.3693627059241,42.0630827450727],[-81.1204753296727,41.9674038725908],[-81.1640205031437,41.6879485399932],[-81.2482869788609,41.4573443809385],[-81.3944717774505,41.3440567827944],[-81.6507066148184,41.2048147504005],[-81.7767915656781,41.1563502853375],[-81.962231771579,41.0792154334456],[-82.114379075334,41.043818117712],[-82.1250000686982,41.0319290802629]],[[-81.6748803914169,41.4595477199514],[-81.6825785881313,41.4857359779331],[-81.7024985714518,41.4676685980274],[-81.6748803914169,41.4595477199514]]]},"properties":{"OBJECTID":37,"Id":37,"gridcode":2,"Unixtime":1790600400,"Timestamp":1790600400000,"Shape__Area":19421204881.42578,"Shape__Length":537473.9178690254}},{"type":"Feature","id":38,"geometry":{"type":"Polygon","coordinates":[[[-87.5039531449216,40.6043194337949],[-87.5381453691134,40.6151382780092],[-87.5949015834412,40.6451756343481],[-87.8072495049606,40.6367579799968],[-88.4352910558375,40.7119143233874],[-88.6790163235444,40.7699655614616],[-88.8696905837534,40.8820570612845],[-88.9627344426403,41.0089154291039],[-89.0281871011537,41.0695657078912],[-89.1672402759179,41.2591517884244],[-89.353660742849,41.3958847123097],[-89.4946564532327,41.5627359315181],[-89.5853350951385,41.8088174229858],[-89.6693587539033,42.0133682223657],[-89.74287833117,42.2645128969527],[-89.7054935137146,42.4103829328262],[-89.5810543221992,42.496007384833],[-89.4610397951504,42.5595085145064],[-89.2247159478826,42.6565813361598],[-88.8485475224501,42.7895461006721],[-88.7811163554354,42.9169710413805],[-88.7737149349962,43.1038051964528],[-88.7976279082013,43.2041965164561],[-88.8873892416202,43.4227317736525],[-88.893378726447,43.5737998909523],[-88.8463801563191,43.6733908143347],[-88.7453952837653,43.7428814288349],[-88.6108567056723,43.7482144085682],[-88.4645999613191,43.7019083164158],[-88.4000825977336,43.6421303800131],[-88.2993675217936,43.5048128967978],[-87.9888046396223,43.2170658149355],[-87.9865653277276,43.1603815463714],[-88.0510916845336,43.0032699849219],[-88.120762163443,42.7108104555382],[-88.2184824969696,42.6435591529326],[-88.6109376446565,42.6146099762695],[-88.6409390281136,42.529012503924],[-88.6908783813322,42.0443858397348],[-88.7409346464167,41.8863030104756],[-88.798635148893,41.7216821099415],[-88.7976099217604,41.6958625739987],[-88.8018727082588,41.5883396301699],[-88.7395586836863,41.5210883275644],[-88.3742360821294,41.4822106355125],[-88.1337753534497,41.383438095192],[-88.0381864131724,41.3796519493781],[-87.9439104830823,41.4095004480873],[-87.938343679617,41.5500015313457],[-87.988660748095,41.6566161599079],[-88.1665466488087,41.6495654750667],[-88.2124660324814,41.7363410592926],[-88.137606465366,41.8973826580833],[-88.0800948205195,41.8996669360803],[-88.0104423280509,41.8351225928335],[-87.9449177237739,41.6962852553604],[-87.8725582719466,41.7186513946462],[-87.7899555420146,41.8078101822941],[-87.61673712272,41.8490710777681],[-87.4825312937841,41.9519804995005],[-87.2956521726096,42.0174781241162],[-87.4922709515431,41.6677407736179],[-87.4706242698941,41.6279098001972],[-87.4247498523238,41.5612520501421],[-87.3640725938751,41.3435711488895],[-87.277000233374,41.2496009882951],[-87.152237285922,41.2058669571944],[-87.0880166986117,41.2653661037627],[-87.1234589804475,41.3444614777151],[-87.2429519007096,41.5396233549339],[-87.2482309211201,41.6727769770759],[-87.1771844794801,41.8754841662613],[-87.1555377978311,41.9888706898306],[-87.132173411074,42.0105173714796],[-87.1034670513633,42.1011960133854],[-86.9368046897845,42.189392526444],[-86.8847159568758,42.1914519739295],[-86.794954623457,42.1679347024246],[-86.6680602827558,42.2124061776031],[-86.6370066925048,42.1238139628442],[-86.6410536417121,42.0218488292601],[-86.6108004480821,41.265429056306],[-86.6636446115095,41.0436112736414],[-86.7504291889558,41.0877679861038],[-86.7812489554748,41.1530677598693],[-86.9356355711246,41.0398251278274],[-86.9789289344228,40.9930963543134],[-87.1555377978311,40.8635670000171],[-87.4109992182393,40.6420010275255],[-87.4931253074869,40.6160016271734],[-87.5039531449216,40.6043194337949]]]},"properties":{"OBJECTID":38,"Id":38,"gridcode":2,"Unixtime":1790600400,"Timestamp":1790600400000,"Shape__Area":67989266809.52344,"Shape__Length":2081809.4223759682}},{"type":"Feature","id":39,"geometry":{"type":"Polygon","coordinates":[[[-88.9893543752042,40.4917872661695],[-89.018609321363,40.5043058290508],[-88.9983655821059,40.5429317109298],[-88.9893543752042,40.4917872661695]]]},"properties":{"OBJECTID":39,"Id":39,"gridcode":2,"Unixtime":1790600400,"Timestamp":1790600400000,"Shape__Area":11275707.62109375,"Shape__Length":17381.951420591326}},{"type":"Feature","id":40,"geometry":{"type":"Polygon","coordinates":[[[-115.659064414291,40.4467761977634],[-115.940938923193,40.4610124657528],[-116.11400445774,40.6213705797885],[-116.187524035006,40.8311374470356],[-116.12456249856,41.0378376261057],[-115.999664652801,41.1726460008124],[-115.792334948299,41.2453112221353],[-115.611067596692,41.2060468216036],[-115.479847516949,41.1098013762326],[-115.37817016642,40.9176342414272],[-115.407892760043,40.6567858819629],[-115.523959263309,40.5315193141651],[-115.648236576856,40.4584583911419],[-115.659064414291,40.4467761977634]]]},"properties":{"OBJECTID":40,"Id":40,"gridcode":1,"Unixtime":1790600400,"Timestamp":1790600400000,"Shape__Area":8041745548.449219,"Shape__Length":327157.24211360083}},{"type":"Feature","id":41,"geometry":{"type":"Polygon","coordinates":[[[-84.0155099078559,40.3342440301379],[-84.3162971593864,40.3453416641865],[-84.4868985515268,40.4214692753868],[-84.6110859328695,40.5800467317713],[-84.5844660003056,40.8565432948372],[-84.4766013140993,41.1542278853087],[-84.4023352995344,41.2404368966455],[-84.2499721584883,41.2821384599221],[-84.0238556164435,41.2307691846502],[-83.7651116705671,41.1153142203751],[-83.5223216977881,40.9409716485229],[-83.47180677846,40.8034113483551],[-83.5240933622188,40.629734274817],[-83.6540094249949,40.478953940572],[-83.7526830398903,40.4238974449112],[-83.8458797835251,40.3896692478376],[-84.0050957585623,40.3463309184372],[-84.0155099078559,40.3342440301379]]]},"properties":{"OBJECTID":41,"Id":41,"gridcode":2,"Unixtime":1790600400,"Timestamp":1790600400000,"Shape__Area":13193211380.769531,"Shape__Length":418794.2134551741}},{"type":"Feature","id":42,"geometry":{"type":"Polygon","coordinates":[[[-86.1085740514512,39.4114946447621],[-86.2760907689737,39.4233567025499],[-86.6996534662344,39.6447697902937],[-86.8375734952206,39.7635972122416],[-86.8491567631741,39.9077585362276],[-86.5333957995765,40.1798034551654],[-86.4391828220296,40.348669155757],[-86.4168346691846,40.6268204713877],[-86.4367276728437,40.8743858442314],[-86.4334811202575,40.914702451557],[-86.5174058535972,40.9870079440615],[-86.5916179088393,41.1200266678965],[-86.561805383012,41.2045089809048],[-86.2791934300327,41.3579153355244],[-86.1500417909958,41.5140466359436],[-86.0981599021577,41.7036237232563],[-86.1263986144045,41.9383197976206],[-86.1865092999641,42.0342864531574],[-86.2765314367763,42.1612527396223],[-86.2492639923393,42.2307433541226],[-85.9839549955266,42.3314224571807],[-85.8864864721729,42.4154011498433],[-85.8307734714185,42.5152528766191],[-85.7814006910889,42.7753188259032],[-85.759619111133,42.9418193095136],[-85.6368526586232,42.9319627398886],[-85.4874392938882,42.9659031539075],[-85.3729466042024,43.0645497891415],[-85.2415376668298,43.2170658149355],[-85.1179258515967,43.2624635918214],[-84.9180335404155,43.1732688312916],[-84.7758057588287,43.0013184560819],[-84.7587276331737,42.7888446294762],[-84.8167339051455,42.5229151004516],[-84.811472871176,42.4574804283791],[-84.8806127500783,42.1316920239678],[-84.9386370084911,41.9389763027143],[-85.0276249249503,41.8356801725021],[-85.2204215851879,41.6741889126882],[-85.3980916486107,41.5183543885443],[-85.6726726557184,41.414158936286],[-85.8163573390199,41.3241637791352],[-85.9827499039848,41.1298562578601],[-86.096487163152,40.9260069296761],[-86.0756588645649,40.8848089867454],[-85.8959383468771,40.6834597738496],[-85.8625465193064,40.561439758638],[-85.9114156792901,40.3991121293214],[-85.9701953682216,40.3308985521265],[-86.1344655331578,40.1893722417357],[-86.0874669630298,39.9825101846973],[-85.9987308567436,39.8589343423461],[-85.8079936439914,39.7219675947288],[-85.7971568133362,39.5871052606993],[-85.8714228279011,39.5344409616811],[-86.0846071189233,39.4393106756472],[-86.1085740514512,39.4114946447621]]]},"properties":{"OBJECTID":42,"Id":42,"gridcode":2,"Unixtime":1790600400,"Timestamp":1790600400000,"Shape__Area":48264425656.16797,"Shape__Length":1423802.9209584475}},{"type":"Feature","id":43,"geometry":{"type":"Polygon","coordinates":[[[-84.3305963799189,39.3889846139489],[-84.5139861315546,39.4043180548344],[-84.5621268406811,39.5354032362704],[-84.4860891616854,39.6236537086518],[-84.377792800897,39.6323591460578],[-84.2751711622193,39.5680756062043],[-84.2959994608064,39.4669198624618],[-84.3305963799189,39.3889846139489]]]},"properties":{"OBJECTID":43,"Id":43,"gridcode":2,"Unixtime":1790600400,"Timestamp":1790600400000,"Shape__Area":846889421.2539062,"Shape__Length":108980.17531445931}},{"type":"Feature","id":44,"geometry":{"type":"Polygon","coordinates":[[[-87.4589420765155,39.2089403403245],[-87.6578361402256,39.225559811736],[-87.7601340229667,39.3561863389285],[-87.7707819959923,39.488629496654],[-87.7082431409082,39.6534302615974],[-87.5508348031835,39.8361365284781],[-87.3917986925555,39.8945385021502],[-87.2398672260916,39.863655783088],[-87.1379020925075,39.7758100056274],[-87.0971538105998,39.6269002612381],[-87.1579929470169,39.424822597485],[-87.2609833077334,39.3052847111206],[-87.3691807430968,39.2449132221675],[-87.448527927222,39.2210272286238],[-87.4589420765155,39.2089403403245]]]},"properties":{"OBJECTID":44,"Id":44,"gridcode":2,"Unixtime":1790600400,"Timestamp":1790600400000,"Shape__Area":5443882972.140625,"Shape__Length":273116.9913048061}},{"type":"Feature","id":45,"geometry":{"type":"Polygon","coordinates":[[[-84.5106406535432,39.1189182035124],[-84.6100696989574,39.1451424343759],[-84.570400603505,39.2599498867779],[-84.4962335143651,39.3070383891104],[-84.3889443942683,39.1770413873502],[-84.5012517313822,39.1545313565369],[-84.5106406535432,39.1189182035124]]]},"properties":{"OBJECTID":45,"Id":45,"gridcode":2,"Unixtime":1790600400,"Timestamp":1790600400000,"Shape__Area":351853531.2890625,"Shape__Length":79748.5387229789}},{"type":"Feature","id":46,"geometry":{"type":"Polygon","coordinates":[[[-120.790452117671,38.9838760050737],[-120.968481909912,38.9939034458874],[-121.034393222669,39.0429344838394],[-121.092633318373,39.1370305495203],[-121.063054616277,39.3023619144709],[-120.935638668789,39.3535783049949],[-120.801612704263,39.2970918872808],[-120.71333525222,39.1544504175528],[-120.737320171189,39.065822229912],[-120.790452117671,38.9838760050737]]]},"properties":{"OBJECTID":46,"Id":46,"gridcode":2,"Unixtime":1790600400,"Timestamp":1790600400000,"Shape__Area":1652284931.3945312,"Shape__Length":150830.45919201302}},{"type":"Feature","id":47,"geometry":{"type":"Polygon","coordinates":[[[-90.182179164237,38.6237784646045],[-90.2122435002373,38.6389860004037],[-90.1920087542006,38.6988628622314],[-90.1651370114639,38.6580516277805],[-90.182179164237,38.6237784646045]]]},"properties":{"OBJECTID":47,"Id":47,"gridcode":2,"Unixtime":1790600400,"Timestamp":1790600400000,"Shape__Area":29552379.90234375,"Shape__Length":24599.73941010889}},{"type":"Feature","id":48,"geometry":{"type":"Polygon","coordinates":[[[-82.2600332739164,38.1286477189172],[-82.4251218219145,38.1396014614384],[-82.5356305149363,38.2249021575087],[-82.5579966542222,38.3762310782018],[-82.4641254190528,38.5439006804721],[-82.3527623700872,38.611080037314],[-82.1666926387542,38.5825625352329],[-82.1200627906652,38.463932964135],[-82.1067887972651,38.3741086781731],[-82.1500731673427,38.2186608625089],[-82.2502306636141,38.1413461462078],[-82.2600332739164,38.1286477189172]]]},"properties":{"OBJECTID":48,"Id":48,"gridcode":2,"Unixtime":1790600400,"Timestamp":1790600400000,"Shape__Area":2644574111.7890625,"Shape__Length":190892.4747550529}},{"type":"Feature","id":49,"geometry":{"type":"Polygon","coordinates":[[[-100.534976707809,39.5915389183864],[-100.544986162182,39.5340272735399],[-100.705020520281,39.0413876499202],[-100.845161874721,38.5509333788724],[-100.967550611971,38.2013039470196],[-101.042608029937,38.0736271961383],[-101.052617484309,38.038625582105],[-101.064497528538,38.0492375822487],[-101.106981501995,38.1417958072308],[-101.157964068787,38.2356220762979],[-101.319788077758,38.3385404912507],[-101.837024159337,38.4495528046183],[-102.116065803794,38.5761054029421],[-102.284571775567,38.6938086723325],[-102.438301886123,38.8658669661876],[-102.55945855217,39.0826395521737],[-102.601726688336,39.3091068298164],[-102.592733467875,39.4600310555888],[-102.538207572222,39.6636195803794],[-102.38592537016,39.9028572310764],[-102.183353079281,40.0498783991688],[-102.00454087686,40.1319415358732],[-101.774278460183,40.1749201364552],[-101.527675361928,40.1602252142223],[-101.263850246492,40.0655625756525],[-101.067501264172,39.950863041896],[-100.8619432241,39.7822131785954],[-100.712376974618,39.6655531227785],[-100.534976707809,39.5915389183864]]]},"properties":{"OBJECTID":49,"Id":49,"gridcode":1,"Unixtime":1790600400,"Timestamp":1790600400000,"Shape__Area":45808155990.453125,"Shape__Length":838792.0381836052}},{"type":"Feature","id":50,"geometry":{"type":"Polygon","coordinates":[[[-85.8159976102015,37.8810823460735],[-86.2971079251905,37.8914875021466],[-86.3661488786677,37.9860062491891],[-86.3374694986184,38.2082826860972],[-86.2503791516764,38.3170377011291],[-86.0068517348196,38.2475021205265],[-85.9772730327242,38.38419907153],[-85.8463137563747,38.4004947870049],[-85.8034970337611,38.366203637388],[-85.7792872842807,38.335968430199],[-85.7009293544061,38.610045816961],[-85.5884241664421,38.6240392679979],[-85.5359127521717,38.5347096091612],[-85.5645561593392,38.3866452274953],[-85.6560531843069,38.2723953547619],[-85.7762385825445,38.199397384282],[-85.7858973013193,38.1217409256033],[-85.7159660190165,37.9597370522233],[-85.7359849277621,37.9135928380391],[-85.8059881558287,37.8935739292935],[-85.8159976102015,37.8810823460735]]]},"properties":{"OBJECTID":50,"Id":50,"gridcode":2,"Unixtime":1790600400,"Timestamp":1790600400000,"Shape__Area":4959518795.2578125,"Shape__Length":370407.01008664677}},{"type":"Feature","id":51,"geometry":{"type":"Polygon","coordinates":[[[-84.0830310070752,37.8360712776674],[-84.2738221791502,37.8498578846337],[-84.5953388038427,37.9974186459538],[-84.8104026779412,38.1342055291619],[-84.8588581497837,38.2233643168099],[-84.8279844239419,38.3319394674326],[-84.6876362254314,38.4299745636753],[-84.3555255870361,38.4497686419094],[-84.1034186378598,38.3719233256011],[-84.0150152807306,38.2929358702943],[-83.9603634799906,38.1923556926612],[-83.9520717307257,38.053284531456],[-83.981119832814,37.9592154454365],[-84.0830310070752,37.8360712776674]]]},"properties":{"OBJECTID":51,"Id":51,"gridcode":2,"Unixtime":1790600400,"Timestamp":1790600400000,"Shape__Area":6262142750.261719,"Shape__Length":295728.935249382}},{"type":"Feature","id":52,"geometry":{"type":"Polygon","coordinates":[[[-122.230842279548,37.0033440291037],[-122.25334331714,37.0033440291037],[-122.25334331714,37.0258450666965],[-122.230842279548,37.0258450666965],[-122.230842279548,37.0033440291037]]]},"properties":{"OBJECTID":52,"Id":52,"gridcode":1,"Unixtime":1790600400,"Timestamp":1790600400000,"Shape__Area":7857461.9375,"Shape__Length":11283.52157412842}},{"type":"Feature","id":53,"geometry":{"type":"Polygon","coordinates":[[[-122.208332248734,36.9808339982904],[-122.230842279548,36.9808339982904],[-122.230842279548,37.0033440291037],[-122.208332248734,37.0033440291037],[-122.208332248734,36.9808339982904]]]},"properties":{"OBJECTID":53,"Id":53,"gridcode":1,"Unixtime":1790600400,"Timestamp":1790600400000,"Shape__Area":7861416.59375,"Shape__Length":11286.173649175093}},{"type":"Feature","id":54,"geometry":{"type":"Polygon","coordinates":[[[-122.208332248734,36.9808339982904],[-122.208332248734,37.0033440291037],[-122.230842279548,37.0033440291037],[-122.230842279548,37.0258450666965],[-122.25334331714,37.0258450666965],[-122.23713753387,37.1212811222261],[-122.159121346373,37.1814997264313],[-122.054817975469,37.1660853465616],[-122.018476371587,37.0846067691871],[-122.086411158948,36.9929838391329],[-122.185831211141,36.9808339982904],[-122.208332248734,36.9808339982904]]]},"properties":{"OBJECTID":54,"Id":54,"gridcode":2,"Unixtime":1790600400,"Timestamp":1790600400000,"Shape__Area":530075245.10546875,"Shape__Length":89243.21189421232}},{"type":"Feature","id":55,"geometry":{"type":"Polygon","coordinates":[[[-97.631695346463,36.9808339982904],[-97.8201123083363,37.0000525104151],[-97.9703530493537,37.0941575693164],[-98.1036415698026,37.2552891003118],[-98.1803267606714,37.4641296658515],[-98.1944011506925,37.6392186750019],[-98.1436883805143,37.7528660019645],[-98.016227466924,37.8239753961477],[-97.8980835297311,37.7937941482814],[-97.5191811652785,37.6325726850814],[-97.3506751935053,37.5864554505587],[-97.1711525266677,37.5538999924908],[-96.8730182751732,37.5234939141129],[-96.7885539486058,37.4507207741445],[-96.8175301049304,37.3437733964252],[-96.9773576189589,37.2115730556521],[-97.2877766096028,37.0737789317524],[-97.5070672973179,37.0137581783973],[-97.621272203949,36.9929298798102],[-97.631695346463,36.9808339982904]]]},"properties":{"OBJECTID":55,"Id":55,"gridcode":1,"Unixtime":1790600400,"Timestamp":1790600400000,"Shape__Area":11453813793.703125,"Shape__Length":429635.4420926675}},{"type":"Feature","id":56,"geometry":{"type":"Polygon","coordinates":[[[-119.642638397044,36.6432464886346],[-119.735160649145,36.6535077531803],[-119.763192517321,36.7647628835003],[-119.652809729385,36.734950357673],[-119.642638397044,36.6432464886346]]]},"properties":{"OBJECTID":56,"Id":56,"gridcode":1,"Unixtime":1790600400,"Timestamp":1790600400000,"Shape__Area":153205080.95703125,"Shape__Length":51905.88049868686}},{"type":"Feature","id":57,"geometry":{"type":"Polygon","coordinates":[[[-119.822691663889,36.440692184197],[-119.97730311005,36.4564572996647],[-120.04386193468,36.5503375280546],[-120.115573874635,36.7110463776883],[-120.239887161064,36.8562149423658],[-120.340863040397,36.9867335509127],[-120.485779794902,37.0775021250232],[-120.460697703036,37.3279273419733],[-120.280077863303,37.5388543346599],[-120.296841226242,37.7474970493494],[-120.131383956205,38.1299697223249],[-120.043052544839,38.2709834191496],[-119.847449999818,38.3533613185701],[-119.54477417199,38.4082379498216],[-119.457962614883,38.3334503284699],[-119.384236193545,37.9859972559686],[-119.280580334515,37.7537023714673],[-119.092981755703,37.4976653849496],[-119.08452812847,37.3924447055588],[-119.138298593605,37.2719445446051],[-119.329755263994,37.0404860296067],[-119.423095899156,36.591490504883],[-119.494672940804,36.5515426195963],[-119.69077011295,36.5069991986542],[-119.812268521375,36.4527790724963],[-119.822691663889,36.440692184197]],[[-119.642638397044,36.6432464886346],[-119.652809729385,36.734950357673],[-119.763192517321,36.7647628835003],[-119.735160649145,36.6535077531803],[-119.642638397044,36.6432464886346]]]},"properties":{"OBJECTID":57,"Id":57,"gridcode":2,"Unixtime":1790600400,"Timestamp":1790600400000,"Shape__Area":27317784236.171875,"Shape__Length":738257.8963033552}},{"type":"Feature","id":58,"geometry":{"type":"Polygon","coordinates":[[[-121.825733670672,36.8007897246661],[-121.79133460241,36.8114107180303],[-121.707814563991,36.8413761286055],[-121.561620772181,36.8101426739453],[-121.514936964769,36.7578920630683],[-121.467389808193,36.6543081498013],[-121.416299322755,36.4888598729848],[-121.554174385639,36.1848620417499],[-121.645680403827,36.1030956813207],[-121.893542552946,36.2625634665308],[-121.927438000863,36.2939677923798],[-121.949084682512,36.3848532783562],[-122.004806676487,36.5974979761507],[-121.949912058794,36.6567453125462],[-121.865285854259,36.6533908413144],[-121.825733670672,36.8007897246661]]]},"properties":{"OBJECTID":58,"Id":58,"gridcode":2,"Unixtime":1790600400,"Timestamp":1790600400000,"Shape__Area":4413976088.027344,"Shape__Length":263464.91838225455}},{"type":"Feature","id":59,"geometry":{"type":"Polygon","coordinates":[[[-83.4753680937625,35.4954327680079],[-83.5979007225403,35.510757215673],[-83.5663255255025,35.6128122814617],[-83.4357889305147,35.6629854584123],[-83.4403574865087,35.5504532907868],[-83.4753680937625,35.4954327680079]]]},"properties":{"OBJECTID":59,"Id":59,"gridcode":2,"Unixtime":1790600400,"Timestamp":1790600400000,"Shape__Area":278525264.59375,"Shape__Length":68166.64902622656}},{"type":"Feature","id":60,"geometry":{"type":"Polygon","coordinates":[[[-102.650550882217,35.3829006003825],[-102.650550882217,35.4054106311958],[-102.628040851404,35.4054106311958],[-102.628040851404,35.3829006003825],[-102.650550882217,35.3829006003825]]]},"properties":{"OBJECTID":60,"Id":60,"gridcode":1,"Unixtime":1790600400,"Timestamp":1790600400000,"Shape__Area":7702601.421875,"Shape__Length":11159.415852984414}},{"type":"Feature","id":61,"geometry":{"type":"Polygon","coordinates":[[[-90.2271902326431,34.9777919915073],[-90.5052606092896,34.9887187543671],[-90.6451411603362,35.0750087046881],[-90.7303159513201,35.1933504927311],[-90.7520435719532,35.406507804092],[-90.6516432587293,35.5692671079907],[-90.4313813032045,35.6631923024829],[-90.256876853384,35.628901152866],[-90.1077422784833,35.5369184939934],[-90.0369296605753,35.3484655592383],[-90.0591788879952,35.1029326542187],[-90.1168344243691,35.0335229787026],[-90.2169739341996,34.9900857238771],[-90.2271902326431,34.9777919915073]]]},"properties":{"OBJECTID":61,"Id":61,"gridcode":2,"Unixtime":1790600400,"Timestamp":1790600400000,"Shape__Area":5892308738.359375,"Shape__Length":278294.4191988269}},{"type":"Feature","id":62,"geometry":{"type":"Polygon","coordinates":[[[-111.562958263913,34.6852155502575],[-111.80240275868,34.7025274996445],[-112.010946547945,34.7982423450083],[-112.214858828672,34.9804359983227],[-112.293774338215,35.2003562114701],[-112.267235344635,35.4995066968767],[-112.167761333119,35.6559167871301],[-111.990145229019,35.8070118840912],[-111.800577134927,35.8858554478707],[-111.559873589295,35.900208627726],[-111.385953698804,35.8333440336003],[-111.252440347844,35.7140579574089],[-111.172580550152,35.5670997418597],[-111.132902461479,35.3438250574805],[-111.186888763905,35.1117819831521],[-111.337597152387,34.8421382540773],[-111.466155238873,34.736656771293],[-111.552337270549,34.6971045877066],[-111.562958263913,34.6852155502575]]]},"properties":{"OBJECTID":62,"Id":62,"gridcode":2,"Unixtime":1790600400,"Timestamp":1790600400000,"Shape__Area":16430851800.019531,"Shape__Length":464428.9406266037}},{"type":"Feature","id":63,"geometry":{"type":"Polygon","coordinates":[[[-92.1627111402069,34.6852155502575],[-92.2574906906428,34.6959894283695],[-92.3458760613311,34.7464413951544],[-92.3805269397664,34.858236118702],[-92.337089684941,34.9743206084094],[-92.1997722017257,35.0320031244447],[-92.0880314375008,34.9693023913923],[-92.0409879012706,34.8573098169945],[-92.0805490780774,34.7489055375606],[-92.153520068896,34.6985255165395],[-92.1627111402069,34.6852155502575]]]},"properties":{"OBJECTID":63,"Id":63,"gridcode":1,"Unixtime":1790600400,"Timestamp":1790600400000,"Shape__Area":1274369384.3476562,"Shape__Length":131113.1422170427}},{"type":"Feature","id":64,"geometry":{"type":"Polygon","coordinates":[[[-102.650550882217,35.3603995627897],[-102.650550882217,35.3829006003825],[-102.628040851404,35.3829006003825],[-102.628040851404,35.4054106311958],[-102.59166327464,35.5203170090228],[-102.484949720653,35.7219809846348],[-102.242366591945,35.9467485436105],[-102.00864178539,36.0570503925616],[-101.729681079918,36.1103082441302],[-101.460918686448,36.0635165180729],[-101.210160720341,35.9455524452892],[-101.188918733613,35.9217833636114],[-101.068724342155,35.8143953180896],[-100.956515930466,35.6537494209991],[-100.866538759756,35.4029824616713],[-100.8517898782,35.1556329261187],[-100.886045054935,34.8995150006169],[-100.950661343946,34.6217863663478],[-101.194611442164,34.5696616605572],[-101.470100764539,34.5277532532102],[-101.814055474281,34.5072577037801],[-102.285066402692,34.5514593823447],[-102.635846966764,34.648082542975],[-102.679572004644,35.0597112366843],[-102.650550882217,35.3603995627897]]]},"properties":{"OBJECTID":64,"Id":64,"gridcode":2,"Unixtime":1790600400,"Timestamp":1790600400000,"Shape__Area":36585385016.42969,"Shape__Length":701711.44061769}},{"type":"Feature","id":65,"geometry":{"type":"Polygon","coordinates":[[[-118.359791471199,34.0775526369447],[-118.460029906455,34.0903769693218],[-118.434183390851,34.2606096394234],[-118.313521351929,34.3059534569865],[-118.260128602053,34.2127297336904],[-118.359791471199,34.0775526369447]]]},"properties":{"OBJECTID":65,"Id":65,"gridcode":2,"Unixtime":1790600400,"Timestamp":1790600400000,"Shape__Area":444666541.71484375,"Shape__Length":84323.88905457754}},{"type":"Feature","id":66,"geometry":{"type":"Polygon","coordinates":[[[-119.777680595483,33.9200094009132],[-119.888153315623,33.9387782520148],[-119.922516411004,34.0227389582364],[-119.96752747941,34.0574797688763],[-119.937589048496,34.1075180475199],[-119.655156959926,34.0611220231629],[-119.500626452749,34.0839558099128],[-119.489034191575,34.0055169410541],[-119.539917832942,33.9748230796215],[-119.764856263106,33.9366108858837],[-119.777680595483,33.9200094009132]]]},"properties":{"OBJECTID":66,"Id":66,"gridcode":1,"Unixtime":1790600400,"Timestamp":1790600400000,"Shape__Area":837962710.890625,"Shape__Length":134162.3488722591}},{"type":"Feature","id":67,"geometry":{"type":"Polygon","coordinates":[[[-118.022203961544,33.9200094009132],[-118.153774776884,33.9376091333549],[-118.257880296938,33.9853901136629],[-118.09201833198,34.1331846987149],[-117.990934534002,34.0969150405967],[-117.98407270679,33.9816939000535],[-118.022203961544,33.9200094009132]]]},"properties":{"OBJECTID":67,"Id":67,"gridcode":2,"Unixtime":1790600400,"Timestamp":1790600400000,"Shape__Area":552949296.1914062,"Shape__Length":92260.84397082827}},{"type":"Feature","id":68,"geometry":{"type":"Polygon","coordinates":[[[-120.04774700592,33.8749983325071],[-120.181368275525,33.8886230615051],[-120.238214422058,33.9546063200257],[-120.262397191877,33.9754346186128],[-120.28333340911,33.9997432935182],[-120.427467753434,33.9881600255648],[-120.485779794902,34.0383961550586],[-120.451803408001,34.0852688201001],[-120.352536240555,34.0932458066487],[-120.250849896805,34.0365165719823],[-120.022008408961,34.0548987146041],[-119.99232178822,34.0204456870189],[-119.947850313041,33.9821345678561],[-119.943758397732,33.9312599197096],[-120.033942412512,33.8910152581477],[-120.04774700592,33.8749983325071]]]},"properties":{"OBJECTID":68,"Id":68,"gridcode":1,"Unixtime":1790600400,"Timestamp":1790600400000,"Shape__Area":898198303.9492188,"Shape__Length":150640.42077548828}},{"type":"Feature","id":69,"geometry":{"type":"Polygon","coordinates":[[[-118.2922793652,33.2673354191943],[-118.488079761072,33.303047497644],[-118.527748856524,33.391954475119],[-118.617375291636,33.431947326508],[-118.623382762904,33.5067439410801],[-118.562345775637,33.5018336427085],[-118.527964693816,33.5046035546104],[-118.449552804618,33.4608515370688],[-118.366005786538,33.4356974994402],[-118.326867291093,33.3902817361133],[-118.266288958069,33.3380850845591],[-118.2922793652,33.2673354191943]]]},"properties":{"OBJECTID":69,"Id":69,"gridcode":1,"Unixtime":1790600400,"Timestamp":1790600400000,"Shape__Area":658588055.1679688,"Shape__Length":114338.21290197145}},{"type":"Feature","id":70,"geometry":{"type":"Polygon","coordinates":[[[-119.46259412342,33.1773042891617],[-119.493674693332,33.1912347876554],[-119.583049318271,33.2122789235336],[-119.619750650972,33.2941981687106],[-119.550206077149,33.3158628368005],[-119.41399476005,33.2694398327822],[-119.400001309013,33.2245097033602],[-119.4540145911,33.1912347876554],[-119.46259412342,33.1773042891617]]]},"properties":{"OBJECTID":70,"Id":70,"gridcode":1,"Unixtime":1790600400,"Timestamp":1790600400000,"Shape__Area":276642329.42578125,"Shape__Length":66273.7132582574}},{"type":"Feature","id":71,"geometry":{"type":"Polygon","coordinates":[[[-116.08668305398,33.1773042891617],[-116.253561252849,33.1888785638947],[-116.389466800452,33.3017704603385],[-116.362235328897,33.5123197377658],[-116.223829666006,33.6119286475891],[-116.057527033246,33.648953736226],[-115.855080647454,33.5611529248677],[-115.839333518427,33.4066853702337],[-115.959977570908,33.261453853013],[-116.076466755536,33.1895980215315],[-116.08668305398,33.1773042891617]]]},"properties":{"OBJECTID":71,"Id":71,"gridcode":2,"Unixtime":1790600400,"Timestamp":1790600400000,"Shape__Area":2842948679.5625,"Shape__Length":195483.23115551515}},{"type":"Feature","id":72,"geometry":{"type":"Polygon","coordinates":[[[-86.5136826603265,33.1097921831628],[-86.6593188724679,33.1222208138396],[-86.8866944653772,33.4137360550749],[-87.23495692772,33.6352210885825],[-87.2895098030349,33.7872694669124],[-87.2264313547232,33.8984526514687],[-87.0141823586289,33.9746162355509],[-86.6816400456515,33.9944372934464],[-86.5207873044905,33.8507166372631],[-86.3968697197617,33.6226665528192],[-86.3573445158367,33.4376760079415],[-86.4001522452299,33.2536927037553],[-86.5136826603265,33.1097921831628]]]},"properties":{"OBJECTID":72,"Id":72,"gridcode":2,"Unixtime":1790600400,"Timestamp":1790600400000,"Shape__Area":7517817439.417969,"Shape__Length":344775.22936033}},{"type":"Feature","id":73,"geometry":{"type":"Polygon","coordinates":[[[-117.549574253449,33.3348475251932],[-117.459363259007,33.4486657233446],[-117.520076490338,33.7684016903858],[-117.651692271781,33.8629024509874],[-117.695030601181,33.9460088012652],[-117.649461953107,34.1124823052143],[-117.548351175466,34.2229999914565],[-117.336713718363,34.0909075693289],[-117.253067774858,34.0315972803903],[-117.214028204838,33.9862894357089],[-117.135562356318,33.8104360028194],[-116.992120489969,33.7205937304164],[-116.863976091623,33.6201484510902],[-116.89728698021,33.5044866427444],[-117.219325211689,33.53036013801],[-117.292305195728,33.4786131474789],[-117.334933060712,33.3971525565453],[-117.240738069606,33.2643136971195],[-117.201563601279,33.1523750820445],[-117.302008880605,32.9972600155374],[-117.314707307896,33.0070626258396],[-117.356148067779,33.1083172950072],[-117.40183362772,33.1675016788595],[-117.427239475521,33.1871158926844],[-117.514365795345,33.3025438772982],[-117.539771643147,33.3221490979026],[-117.549574253449,33.3348475251932]]]},"properties":{"OBJECTID":73,"Id":73,"gridcode":2,"Unixtime":1790600400,"Timestamp":1790600400000,"Shape__Area":5976562371.4375,"Shape__Length":435884.6050351638}},{"type":"Feature","id":74,"geometry":{"type":"Polygon","coordinates":[[[-118.404802539605,32.7721956802865],[-118.467764076051,32.792133650048],[-118.545519460155,32.8641783391591],[-118.640685719071,33.0440337551537],[-118.582841325067,33.0705367758516],[-118.304150416209,32.8123234299824],[-118.393983695391,32.783877873665],[-118.404802539605,32.7721956802865]]]},"properties":{"OBJECTID":74,"Id":74,"gridcode":1,"Unixtime":1790600400,"Timestamp":1790600400000,"Shape__Area":575474050.0742188,"Shape__Length":112678.16009731099}},{"type":"Feature","id":75,"geometry":{"type":"Polygon","coordinates":[[[-97.2265777443674,32.7046835742876],[-97.6846744081973,32.7157542286748],[-97.859592546159,32.7697585175416],[-97.9348927810769,32.9083350516214],[-97.8226214168449,33.051534101018],[-97.5300449755951,33.0689719554914],[-97.1282818447313,32.9221666246901],[-97.063710521823,32.8033481959625],[-97.1216448480313,32.7385070764405],[-97.2159657442236,32.7165636185163],[-97.2265777443674,32.7046835742876]]]},"properties":{"OBJECTID":75,"Id":75,"gridcode":1,"Unixtime":1790600400,"Timestamp":1790600400000,"Shape__Area":3491684211.3671875,"Shape__Length":237028.85804435256}},{"type":"Feature","id":76,"geometry":{"type":"Polygon","coordinates":[[[-116.89690027173,32.6596725058815],[-117.009549351222,32.6747361501533],[-117.087565538719,32.8183129148093],[-117.062330562106,32.8846019428255],[-116.959717916648,32.9403599096822],[-116.912926190591,32.9068961363477],[-116.842518267604,32.7106550726735],[-116.886279278366,32.6715525501102],[-116.89690027173,32.6596725058815]]]},"properties":{"OBJECTID":76,"Id":76,"gridcode":2,"Unixtime":1790600400,"Timestamp":1790600400000,"Shape__Area":656992349.703125,"Shape__Length":99481.72571761133}},{"type":"Feature","id":77,"geometry":{"type":"Polygon","coordinates":[[[-117.166966682167,32.5696413758489],[-117.013407442799,32.6024486440897],[-116.920723312731,32.3488038542146],[-116.941911340136,32.2095438353798],[-117.06104453158,32.2583860157022],[-117.155482339638,32.4798800424301],[-117.166966682167,32.5696413758489]]]},"properties":{"OBJECTID":77,"Id":77,"gridcode":2,"Unixtime":1790600400,"Timestamp":1790600400000,"Shape__Area":871992647.3984375,"Shape__Length":128831.10769408577}},{"type":"Feature","id":78,"geometry":{"type":"Polygon","coordinates":[[[-106.476581628939,31.6694020212863],[-106.532006846639,31.686084445241],[-106.502814853023,31.8373594066114],[-106.421615065483,31.79322068059],[-106.476581628939,31.6694020212863]]]},"properties":{"OBJECTID":78,"Id":78,"gridcode":2,"Unixtime":1790600400,"Timestamp":1790600400000,"Shape__Area":155579555.7265625,"Shape__Length":54668.0095401439}},{"type":"Feature","id":79,"geometry":{"type":"Polygon","coordinates":[[[-97.0690345083358,31.6243909528803],[-97.0982894544946,31.6369095157616],[-97.078054708458,31.6755353976405],[-97.0690345083358,31.6243909528803]]]},"properties":{"OBJECTID":79,"Id":79,"gridcode":2,"Unixtime":1790600400,"Timestamp":1790600400000,"Shape__Area":10068657.0625,"Shape__Length":15938.714582089922}},{"type":"Feature","id":80,"geometry":{"type":"Polygon","coordinates":[[[-110.865264220567,31.3093044808172],[-111.0107205683,31.3241432945775],[-110.981915283164,31.4759578491755],[-110.881146247901,31.4840607408106],[-110.832870640468,31.3975279735372],[-110.865264220567,31.3093044808172]]]},"properties":{"OBJECTID":80,"Id":80,"gridcode":1,"Unixtime":1790600400,"Timestamp":1790600400000,"Shape__Area":343420540.18359375,"Shape__Length":72188.63793841332}},{"type":"Feature","id":81,"geometry":{"type":"Polygon","coordinates":[[[-103.123171597091,31.3093044808172],[-103.159072533171,31.3679312850009],[-103.155610143293,31.4551745166906],[-103.036764734905,31.7666457141285],[-102.823121789639,32.0771096708747],[-102.561293169144,32.319710786024],[-102.414514818004,32.4144993296804],[-102.276927538175,32.479430381407],[-101.980519985009,32.4676762422649],[-101.741093476683,32.3693353765265],[-101.491909324156,32.1978616420013],[-101.435216062371,32.1645327669737],[-101.446871276088,31.9998938799986],[-101.482052754531,31.7310685339858],[-101.579368393137,31.4746088661064],[-101.666629611267,31.3352858947283],[-101.789872704462,31.1922397300796],[-102.007355754864,31.038032978839],[-102.26432803631,30.9436671165442],[-102.473438398463,30.9268677807236],[-102.687216242036,30.9754311712117],[-102.769117500772,31.0119796191641],[-102.907891885702,31.0988901016969],[-103.039849409523,31.2125823947618],[-103.123171597091,31.3093044808172]]]},"properties":{"OBJECTID":81,"Id":81,"gridcode":2,"Unixtime":1790600400,"Timestamp":1790600400000,"Shape__Area":27933058337.94922,"Shape__Length":609980.6336198669}},{"type":"Feature","id":82,"geometry":{"type":"Polygon","coordinates":[[[-81.179740652509,31.4668477168487],[-81.2350399651222,31.3782555020898],[-81.257675901022,31.2296964932986],[-81.3700461906791,31.0938538982389],[-81.3927180994607,30.8470889220162],[-81.4048049877599,30.8366747727227],[-81.4398066017932,30.8466842270955],[-81.6996567137862,30.8791497529588],[-81.9293165846926,30.9447283165587],[-82.0613910203792,31.0412075856617],[-82.0899984546649,31.2178973880541],[-82.0130524604026,31.4873522594992],[-81.9437596967525,31.5822127489193],[-81.7897148234803,31.647125814205],[-81.5879249427818,31.6220257358991],[-81.3809010077752,31.5629132978105],[-81.179740652509,31.4668477168487]]]},"properties":{"OBJECTID":82,"Id":82,"gridcode":1,"Unixtime":1790600400,"Timestamp":1790600400000,"Shape__Area":7624034431.34375,"Shape__Length":333658.9011096045}},{"type":"Feature","id":83,"geometry":{"type":"Polygon","coordinates":[[[-110.865264220567,30.5215883006596],[-111.143757278575,30.537308450025],[-111.350241620354,30.6177168341646],[-111.522947426083,30.7292507543189],[-111.733433750967,30.9673552592379],[-111.821351474191,31.1334960140299],[-111.614489417153,31.3661056612473],[-111.383939217421,31.4880986967975],[-111.181771621463,31.5303938126244],[-110.722011211848,31.5486230704984],[-110.482674635726,31.5159147276826],[-110.238166957839,31.4005137227302],[-110.090300427023,31.263511002231],[-110.189891350405,31.0077617987681],[-110.351931196667,30.7868433381496],[-110.546103819636,30.6288234614337],[-110.742920449419,30.5598364672792],[-110.854445376353,30.5332704940382],[-110.865264220567,30.5215883006596]],[[-110.865264220567,31.3093044808172],[-110.832870640468,31.3975279735372],[-110.881146247901,31.4840607408106],[-110.981915283164,31.4759578491755],[-111.0107205683,31.3241432945775],[-110.865264220567,31.3093044808172]]]},"properties":{"OBJECTID":83,"Id":83,"gridcode":2,"Unixtime":1790600400,"Timestamp":1790600400000,"Shape__Area":18279327996.128906,"Shape__Length":577172.675150459}},{"type":"Feature","id":84,"geometry":{"type":"Polygon","coordinates":[[[-83.2503037585116,30.4990872630668],[-83.4617883308667,30.5103108022018],[-83.5447687760581,30.5792438370335],[-83.6206175974241,30.7810876770547],[-83.5642121186943,30.9685423643387],[-83.4513022358095,31.1044658983825],[-83.2982646032288,31.1619685500087],[-83.1080669837042,31.098071718635],[-82.9925400736654,30.959531157437],[-82.9727010293289,30.7648998802254],[-83.12359827544,30.5832368269181],[-83.2400964532886,30.5113809954367],[-83.2503037585116,30.4990872630668]]]},"properties":{"OBJECTID":84,"Id":84,"gridcode":1,"Unixtime":1790600400,"Timestamp":1790600400000,"Shape__Area":4567545428.810547,"Shape__Length":246271.37227612908}},{"type":"Feature","id":85,"geometry":{"type":"Polygon","coordinates":[[[-97.6541963840558,30.2965329586292],[-97.7309085545861,30.3162191182178],[-97.7084884559774,30.4182292179042],[-97.6099857122708,30.4403165673557],[-97.5930694645841,30.364881434131],[-97.6183763869606,30.3282250675329],[-97.645005312745,30.3098429249111],[-97.6541963840558,30.2965329586292]]]},"properties":{"OBJECTID":85,"Id":85,"gridcode":2,"Unixtime":1790600400,"Timestamp":1790600400000,"Shape__Area":197822595.9296875,"Shape__Length":54849.0615417541}},{"type":"Feature","id":86,"geometry":{"type":"Polygon","coordinates":[[[-87.5939752817338,30.2515128970027],[-87.5610600948474,30.3986419837406],[-87.522560118055,30.5393049449673],[-87.4577189985329,30.5770225115798],[-87.2862812368895,30.4700121813172],[-87.1556007503743,30.4117001398496],[-87.1438556044525,30.2965329586292],[-87.3370119935086,30.2871350432477],[-87.468339991897,30.2609108123842],[-87.5939752817338,30.2515128970027]]]},"properties":{"OBJECTID":86,"Id":86,"gridcode":2,"Unixtime":1790600400,"Timestamp":1790600400000,"Shape__Area":1320607725.1445312,"Shape__Length":152143.52708861753}},{"type":"Feature","id":87,"geometry":{"type":"Polygon","coordinates":[[[-88.7417890023605,30.274022927816],[-88.7268422699547,30.2439585918156],[-88.7192789715472,30.2065018285966],[-88.791512518288,30.2156119609233],[-88.8154974372569,30.26473293108],[-88.7417890023605,30.274022927816]]]},"properties":{"OBJECTID":87,"Id":87,"gridcode":2,"Unixtime":1790600400,"Timestamp":1790600400000,"Shape__Area":63458539.181640625,"Shape__Length":32403.19360739595}},{"type":"Feature","id":88,"geometry":{"type":"Polygon","coordinates":[[[-93.8731767057403,30.1614907601905],[-93.9007948857753,30.1696116382666],[-93.8808749024547,30.1876790181722],[-93.8731767057403,30.1614907601905]]]},"properties":{"OBJECTID":88,"Id":88,"gridcode":2,"Unixtime":1790600400,"Timestamp":1790600400000,"Shape__Area":4735799.83984375,"Shape__Length":9940.843765008345}},{"type":"Feature","id":89,"geometry":{"type":"Polygon","coordinates":[[[-88.899332238392,30.1840007910038],[-89.0204439383371,30.1939922589357],[-88.9966748566592,30.2306036594314],[-88.8385740409591,30.2826024601355],[-88.8407504003106,30.2287330695756],[-88.8907527060725,30.1979222962771],[-88.899332238392,30.1840007910038]]]},"properties":{"OBJECTID":89,"Id":89,"gridcode":2,"Unixtime":1790600400,"Timestamp":1790600400000,"Shape__Area":141471738.75,"Shape__Length":53597.83966806797}},{"type":"Feature","id":90,"geometry":{"type":"Polygon","coordinates":[[[-95.3135668676168,29.7113710829092],[-95.3733627904603,29.7215334220299],[-95.3262652949074,29.8366016778252],[-95.2623864499747,29.9227657230597],[-95.2307842732756,30.0362601652745],[-95.1713121063685,30.0087948699874],[-95.1551243095392,29.8992304651139],[-95.2079414933052,29.8308100438485],[-95.2761910433819,29.7781277583894],[-95.3135668676168,29.7113710829092]]]},"properties":{"OBJECTID":90,"Id":90,"gridcode":2,"Unixtime":1790600400,"Timestamp":1790600400000,"Shape__Area":411957891.52734375,"Shape__Length":102548.64756761647}},{"type":"Feature","id":91,"geometry":{"type":"Polygon","coordinates":[[[-88.8768222075788,29.7113710829092],[-88.936123503297,29.7214434898253],[-88.8834322246174,29.8087946401606],[-88.9246031878868,29.8770441902373],[-88.8634313023127,29.9242585976563],[-88.9091348486943,30.0810014370667],[-88.8085097049589,30.05217816549],[-88.7827081554569,29.8776287495672],[-88.8191127118821,29.7886947924308],[-88.8768222075788,29.7113710829092]]]},"properties":{"OBJECTID":91,"Id":91,"gridcode":2,"Unixtime":1790600400,"Timestamp":1790600400000,"Shape__Area":443183903.4785156,"Shape__Length":117490.46346089442}},{"type":"Feature","id":92,"geometry":{"type":"Polygon","coordinates":[[[-87.1438556044525,30.2965329586292],[-87.1556007503743,30.4117001398496],[-87.2862812368895,30.4700121813172],[-87.4577189985329,30.5770225115798],[-87.522560118055,30.5393049449673],[-87.5610600948474,30.3986419837406],[-87.5939752817338,30.2515128970027],[-87.620856017691,30.2225097610168],[-88.1006713089337,30.1947836623362],[-88.18687132705,30.2249918898639],[-88.3708636244567,30.1956829843823],[-88.4475218356641,30.1688112416456],[-88.5531292235348,30.1964833810033],[-88.5956761495346,30.1948016487772],[-88.7192789715472,30.2065018285966],[-88.7268422699547,30.2439585918156],[-88.7417890023605,30.274022927816],[-88.4054515503487,30.2292187034804],[-88.1642353911503,30.285345392376],[-88.2810483317151,30.3071539519934],[-88.3209962170018,30.3518592509038],[-88.348443525848,30.3534960170276],[-88.4631700392658,30.2911550127937],[-88.597204997013,30.2831600398041],[-88.6427196857648,30.3341066337143],[-88.7417890023605,30.319033996222],[-88.7237126292344,30.5223437311783],[-88.6435380688267,30.6875941571447],[-88.4640603680915,30.9523635607299],[-88.3712143600546,31.1812680011174],[-88.3689120956167,31.2942048636636],[-88.434130930398,31.4286445163314],[-88.897614533284,31.9110408618464],[-89.1542270859112,32.0849967252188],[-89.2651584602946,32.0872540235544],[-89.357329976797,32.0573515655224],[-89.553121379448,31.9289823366656],[-89.8335569730758,31.6808773705942],[-90.1012042072084,31.4418465639678],[-90.3233997051322,31.3657908985312],[-90.611173766656,31.4196602890912],[-90.9543730458793,31.5653504605554],[-91.1363598551231,31.7401966527534],[-91.1686545097977,31.8662276442904],[-91.1499665976803,32.7821331888956],[-91.244548297266,32.9770882220439],[-91.3410185731486,33.0987575016575],[-91.6627420419117,33.4777138254328],[-91.7684393619869,33.6520024379622],[-91.7730528840833,33.8781909257707],[-91.4639828765085,34.5227080565316],[-91.3864793025777,34.825114087745],[-91.4154554589023,35.218252720187],[-91.5183648806347,35.4791550389739],[-91.5682143016487,35.5551927179696],[-92.1100288547478,35.7229882253264],[-92.5912111155005,35.8215449283558],[-92.8766559329249,35.690091024881],[-93.1116667700054,35.5360101787268],[-93.2844894875997,35.3699683493599],[-93.47909378515,35.1463609158237],[-93.5594392167464,35.069172104609],[-93.6517276451146,34.9731155168677],[-93.7716702263998,34.8762945053872],[-93.8171309558289,34.854234135597],[-93.9806816631282,34.7550569003557],[-94.2808303960059,34.6523273430325],[-94.5926073629394,34.6459601429463],[-94.7812311688833,34.737475154355],[-94.9161384690151,34.9152531364232],[-95.0252622060859,35.1270884443763],[-95.0769462440738,35.2780936091328],[-95.0831875390736,35.5837821658144],[-94.9730475680907,35.8108070231257],[-94.8863978889514,35.9009910379062],[-94.7754934942293,36.0075517071456],[-94.5167765280143,36.378935739293],[-94.4248028623621,36.4746775643182],[-94.1377302720344,36.7286461101299],[-94.0913792137796,36.8640570306076],[-94.1934342795683,37.0744084571846],[-94.6672600859841,37.5675696875911],[-94.823112596569,37.6209174713643],[-94.9424436388628,37.5324601549123],[-95.24843796504,37.2685451072709],[-95.5216430094173,37.0833567115431],[-95.7008239338774,37.052788755197],[-95.9051139298639,37.1025932101086],[-96.1695325978511,37.2308814999813],[-96.4372967438496,37.4881325712612],[-96.5178670059575,37.6445426615147],[-96.5688945388519,38.0831779962676],[-96.6252550514794,38.1993524181796],[-96.674960580966,38.2751652666638],[-96.6979112795818,38.2972166432336],[-96.8297968576388,38.4751295236087],[-97.0092565719332,38.5967718235609],[-97.2694754059652,38.7023252521088],[-97.5117257855165,38.639246803797],[-97.8208947185164,38.5080087376132],[-98.0816261661146,38.3370656030952],[-98.5058993277917,38.0053956325025],[-98.6086198918944,38.0033002121352],[-98.6536939128437,38.0466025686537],[-98.6988848456591,38.1343224410279],[-98.8071812064475,38.7528851375391],[-98.9172042655644,39.0489869212095],[-99.0557718064236,39.2603276020373],[-99.3031123487559,39.4779185710853],[-99.5239228907288,39.5734535520399],[-99.7703820974558,39.6239324984861],[-99.939454642118,39.627385895143],[-100.230915924031,39.6025735998918],[-100.399943502591,39.5915389183864],[-100.348673152744,39.6449046886006],[-100.264163860074,39.7003029266388],[-100.121000783559,39.7697575682573],[-99.8854953193534,39.8361904878009],[-99.4508170016033,39.8273141792061],[-99.2004727236372,39.7548647951742],[-98.9330952861185,39.6171336238178],[-98.5434100503335,39.3324981962348],[-98.3802190718527,39.2399759441346],[-98.1555144654202,39.1979146520396],[-97.9294428894777,39.2442117509716],[-97.6908347642129,39.3409967895703],[-97.5499739521361,39.4478812147464],[-97.4816704427367,39.5886700810595],[-97.4864458428013,39.822862535078],[-97.7773315586045,40.4387182722306],[-97.9841846224223,41.0320100192471],[-98.0768057999476,41.2603658731866],[-98.2537204328517,41.4795306558152],[-98.5978550070029,41.8101664060549],[-98.7527002768962,41.9973512967251],[-98.8662756580951,42.1705877024606],[-98.9782142731701,42.4342779195904],[-99.0200687211945,42.6913761061225],[-99.0144929245088,42.9646620894839],[-98.962889825505,43.1660382820411],[-98.8743425768484,43.4000059055482],[-98.5654704201237,43.8787240238947],[-98.4490531812593,44.089588064038],[-98.3762710480703,44.3138789823292],[-98.3183547083031,44.8469341386996],[-98.2935963723746,45.0648938297865],[-98.1999679541577,45.4302164313433],[-98.0788202813309,45.7841536157968],[-98.0129359482354,46.0177705037059],[-98.0278467077593,46.7484786593627],[-98.024132507709,46.9301776855518],[-97.9785099003116,47.1976720349366],[-97.9033355704801,47.4172864785882],[-97.7456844158031,47.7233257708677],[-97.4842784766703,48.1089730506658],[-97.4150306791225,48.251695459378],[-97.4181603198428,48.4052007394227],[-97.482048157996,48.5292172495765],[-97.9059436044138,48.8798809017823],[-98.1875573099219,49.1729879430392],[-98.2806011688089,49.3149009619099],[-98.3458110103698,49.4493136349164],[-98.4169923503167,49.6686672751747],[-98.4073785976441,50.1398940408774],[-98.3145235963868,50.368798481265],[-98.1708568995263,50.5807507010841],[-98.0179991313548,50.7276099912082],[-97.8179629286462,50.8587581251874],[-97.5902725730208,50.9485644247085],[-97.374228437892,51.0012377169472],[-96.826208562675,50.990050150694],[-96.6117472343473,50.9350835872378],[-96.3492261358774,50.8286038569825],[-96.0649414438925,50.6358971289494],[-95.8240130677488,50.3851481560627],[-95.5185763212402,49.9422860076932],[-95.3879048279454,49.816740650061],[-95.169954130079,49.8211922941891],[-94.6948692727987,50.2709072765497],[-94.5313275587198,50.4102212547072],[-94.3055167861707,50.5442652056748],[-94.0813607661864,50.6326775560245],[-93.8340472035156,50.6809621566783],[-93.5379184401838,50.6749187125287],[-93.2611790601654,50.6039891827547],[-93.0004206329059,50.4696574487323],[-92.7877849283317,50.3083100804459],[-92.2237121545922,49.7212236555474],[-91.9754273241116,49.5371684055975],[-91.6496569061413,49.3791215492202],[-91.3027164472062,49.2759423308739],[-90.9426189067371,49.2056423265322],[-90.5725029186747,49.2131966317192],[-90.4254457777004,49.2635316866381],[-89.9856323310672,49.4900978897059],[-89.7980247590353,49.564094107657],[-89.5348021893695,49.5952736029944],[-89.2603470873481,49.5484548972757],[-89.048628691261,49.475987526803],[-88.836793383308,49.3668637897322],[-88.643699946795,49.2203462419856],[-88.4967597176868,49.0674075348299],[-88.3555841428938,48.8520738641176],[-88.2560022127319,48.5995981929024],[-88.2068902357957,48.3480308369536],[-88.2140578325029,47.9967106796542],[-88.3256547052004,47.4801490896089],[-88.3477060817702,47.273179113925],[-88.2999161082417,47.0867136808918],[-88.1429304518788,46.8922352884279],[-87.9168948488182,46.7580564391534],[-87.7261666292865,46.7115614893713],[-87.5289992639048,46.7155814589173],[-87.2566845483532,46.808796188993],[-86.7784700503525,47.1145387049973],[-86.5089971924664,47.2633135510796],[-86.0989153326764,47.3963862342374],[-85.4115005403176,47.4870019236],[-85.1537998080147,47.5530481346638],[-84.6638581505332,47.7425352897719],[-84.3558043768704,47.8424949351932],[-84.0922490580475,47.8939451494492],[-83.6151407261635,47.8842144849106],[-83.4333607609902,47.8376206097034],[-83.1903549509202,47.7390549134536],[-82.9399387271905,47.5187659782674],[-82.6862219915516,47.176501993972],[-82.5843018240699,47.0502461719234],[-82.4494754629222,47.0075193815143],[-82.2631629146367,47.1488928071574],[-81.8759508144785,47.6080416777813],[-81.7385074261768,47.7934638972412],[-81.7088657715381,47.8865707086713],[-81.768688674043,47.944046380636],[-82.2640712299033,48.0527924024475],[-82.5703983052375,48.1576443597995],[-82.7813792572468,48.3006635447869],[-82.9059263674078,48.4302918245082],[-83.0123611315609,48.5926194538248],[-83.10642122436,48.8142034127574],[-83.1581142555684,49.0262725444425],[-83.1486443944232,49.4902507744538],[-83.0564638847005,49.7595617543715],[-82.8815637331797,50.0175862426111],[-82.6653127539803,50.1890419906954],[-82.4464717272883,50.2952069582346],[-82.243278904198,50.3447416165325],[-81.8799797772449,50.3373312028728],[-81.6120897261599,50.2456363270549],[-81.3960365978107,50.0991817318515],[-81.2291943718228,49.9255316379748],[-81.0980462378435,49.7255044284867],[-81.0003438907579,49.4777861708952],[-80.9586872935837,49.2643950358024],[-80.9665473682664,48.8791704373659],[-81.0577566101793,48.5777536604032],[-81.3054478881095,48.1476888647494],[-81.3029387796009,48.025165229192],[-80.9595416495275,47.9977898661095],[-80.6925059543862,48.0662282738158],[-80.5534617728425,48.1604772242446],[-80.4732782192144,48.2439343101204],[-80.2684756096616,48.537931680203],[-80.1287839162447,48.7321582624939],[-79.8555878650878,48.994643388082],[-79.6009718074029,49.1615755462745],[-79.2948605693597,49.2823185241807],[-78.9871665245154,49.342384243638],[-78.2199728734493,49.3702092677436],[-78.0423387829084,49.3961637019933],[-77.7027817579717,49.4831910963921],[-77.5901506649212,49.5106473984587],[-77.2918905083402,49.5688785009422],[-76.635969974035,49.6026660302132],[-76.4687500327877,49.6455277189291],[-76.2915925829313,49.7885289174756],[-76.0112019554059,50.2460230355347],[-75.8996320623697,50.3930531968476],[-75.6944067714553,50.5902295554497],[-75.5524847593641,50.6832734143367],[-75.3767932044428,50.7685111578637],[-75.1711542253871,50.8186393687119],[-74.7474206569377,50.8099968838492],[-74.4766437820848,50.7173127537806],[-74.2104444564465,50.5558844465101],[-73.6698979474323,50.0413013649661],[-73.4534221377214,49.9362785364254],[-72.6898977206033,49.9085884106267],[-72.3967367200236,49.8585861048649],[-71.9526964597737,49.7300819777012],[-71.667440499979,49.6496196342388],[-71.1722647881894,49.569013399249],[-70.8514766143542,49.5033089305628],[-70.5161374098136,49.3672864710938],[-70.2826913930933,49.2257241878211],[-69.9131149982585,48.9452885941934],[-69.7387994060677,48.8418125995719],[-69.5137710436986,48.7869539547613],[-68.9108655440096,48.8640168608895],[-68.7678643454631,48.8510126641032],[-68.9028975506814,48.7855060462671],[-69.0334970982125,48.7182277640002],[-69.0599911256899,48.582493087586],[-69.1293108690014,48.5370503445978],[-69.2042423818804,48.5385791920762],[-69.2850554609407,48.4024488139617],[-69.308015152777,48.3803884441714],[-69.3741782757068,48.3115273551035],[-69.445854242779,48.242657272815],[-69.5330704948074,48.2003441705471],[-69.6052051161232,48.151448030902],[-69.6561786896947,48.0983880301835],[-69.7125841684246,48.044194883687],[-69.7691605183432,47.896283386769],[-69.7319105991947,47.9040535292471],[-69.6968460326182,47.9706213470976],[-69.6346489199117,47.942679411126],[-69.6504320218203,47.9075428987858],[-69.6311775368138,47.8646812100699],[-69.7008570089437,47.8279798773695],[-69.7241494499371,47.783760212364],[-69.6449461573392,47.7945790565783],[-69.4891206264157,48.0358941412018],[-69.311450562993,48.1506206546196],[-69.1723164492446,48.1771866278607],[-69.0831576615968,48.2455620830238],[-69.000249162169,48.2990987244267],[-68.8774917028797,48.3570330506349],[-68.9256144255652,48.3797409322983],[-68.9472611072143,48.4215594074408],[-68.8097727528102,48.4472530382972],[-68.7680352166519,48.4022149902297],[-68.6936882631028,48.4051557733204],[-68.6222101468807,48.4822996184327],[-68.5196424675258,48.5147741375165],[-68.4965119045007,48.5397393175156],[-68.3620992314943,48.5822952367359],[-68.3179515122524,48.6056596234929],[-68.2400522366214,48.642414915516],[-68.1145338586506,48.672317373548],[-68.0703771461883,48.6956817603051],[-67.9795006534324,48.7173284419541],[-67.9127529711726,48.7407198083725],[-67.8805482487027,48.7394517642876],[-67.4290705951318,48.5540025651663],[-67.2243759042245,48.4891884253057],[-67.0967800923273,48.4942516084251],[-66.9520971615547,48.5938065589256],[-66.9225724187821,48.803618392275],[-67.0462022204561,49.0055251848395],[-66.9746881313521,49.0392767412287],[-66.7191097990779,49.1201977389346],[-66.4715893923365,49.1674481192354],[-66.4049316422814,49.1908125059924],[-66.1938607580674,49.2311111268771],[-65.8639264790237,49.257479249268],[-65.5074262267389,49.288415927653],[-65.4786119483826,49.0476314430368],[-65.3672938655194,48.8858524001682],[-64.9369502800313,48.5322209852104],[-64.6777926460138,48.2970932362639],[-64.7364824027406,48.1861888415419],[-64.8970203811856,48.1555309529912],[-64.9753693178397,48.0988376912065],[-65.0447070475921,48.1710172786246],[-65.1872945579974,48.2767145986999],[-65.4304982189176,48.3726362881343],[-65.7132090973219,48.4024488139617],[-65.9871965518793,48.3322297486041],[-66.1882759681613,48.2286458353371],[-66.4093832864095,48.0379445954668],[-66.7558381114396,47.6009640132787],[-66.6697729916302,47.4020609563481],[-66.4780105517455,47.2178078555482],[-66.2072786429949,47.1875726483591],[-65.0477377628874,47.4116207496979],[-64.840327119401,47.468673740301],[-64.8898797641397,47.3041067990896],[-64.9199351069196,47.2782063241626],[-64.9407723987272,47.2540235543436],[-64.9749376432576,47.2245887437756],[-65.0082845047261,47.1276058543268],[-64.7590284064357,47.0949874437156],[-64.7690288675881,46.9705662386411],[-64.8494462449482,46.9012734749909],[-64.8732512995078,46.8557947591209],[-64.8007119832714,46.7534878831594],[-64.7157080634763,46.7155544792559],[-64.669033249285,46.6895101128015],[-64.6724326866191,46.6471970105337],[-64.6706250493065,46.6246959729408],[-64.6748878358049,46.5716629518838],[-64.580674858258,46.490490144005],[-64.5585695223655,46.4170964718248],[-64.5131537590387,46.3779669696],[-64.4874781146232,46.3481634369931],[-64.4923884129948,46.2870994700646],[-64.4902210468638,46.2601737680051],[-64.4239679917294,46.2654977545179],[-64.2134816668454,46.2485905000516],[-64.1322279199825,46.2187420013424],[-63.950501914132,46.1979137027553],[-63.7658800912931,46.172885570213],[-63.7271103178868,46.0810288164268],[-63.9348267308688,46.0184899613427],[-63.8413601906203,45.9767883980662],[-63.8171414479194,45.9486755909059],[-63.7538471623166,45.8941407020318],[-63.613750773979,45.9054002140487],[-63.5687307123524,45.9017849394235],[-63.4884662197402,45.9082330784939],[-63.381365957273,45.8789241730123],[-63.3414900177501,45.8326360673008],[-63.2361794061546,45.8410986877543],[-63.1867616597228,45.8135164806012],[-63.0644538614565,45.8233460705648],[-62.7360933959934,45.7910604091107],[-62.6966671174934,45.7942260227128],[-62.6347308081802,45.7807182055808],[-62.6022203162146,45.7232065607343],[-62.5193747693301,45.6882948789056],[-62.3084477766435,45.7145370962101],[-62.1746016765261,45.7932097888008],[-62.0935367872929,45.8273750333312],[-61.9739989009285,45.9146902107847],[-61.8740572419481,45.9022615801079],[-61.8822410725674,45.8364941588784],[-61.8460343669924,45.7097167300431],[-61.6659451272657,45.6582215496849],[-61.5894487940266,45.7031876519886],[-61.5069000234173,45.7267858624776],[-61.5446445696911,45.8589951964712],[-61.5417847255845,45.8819908611894],[-61.5466050917515,45.9207336549343],[-61.6158169164175,45.9498896756681],[-61.6544697779578,45.9931920321866],[-61.5247425728114,46.0970817149492],[-61.4678694466176,46.1907101331662],[-61.3311994752755,46.267979883365],[-61.2922858103418,46.3165702535145],[-61.2986979765303,46.3681103999751],[-61.193018642896,46.4126448276967],[-61.0873123296003,46.5446563108401],[-61.0944619398666,46.6021859421276],[-61.0879418550325,46.6546703767366],[-61.0017957962389,46.6909670145162],[-60.9139500187783,46.8159457992593],[-60.7498237453695,46.9087378479734],[-60.6892004462435,47.0085446086468],[-60.6190353402087,47.0647342500857],[-60.4854050773823,47.0481057854537],[-60.4066334593666,47.0579083957559],[-60.3463968687204,47.0504170431121],[-60.3534655400026,46.9936068694615],[-60.436212161462,46.9273448211067],[-60.2633264913245,46.8779180814544],[-60.3117100174033,46.6213504949295],[-60.4126409306344,46.4831786557704],[-60.4291344969594,46.3883811188936],[-60.3532766823729,46.4195516210106],[-60.3391123601472,46.3658710880803],[-60.2826259424332,46.3548453997955],[-60.1819918054774,46.2866318226006],[-60.0858183058701,46.2885923446611],[-59.9481590802773,46.2439230186325],[-59.9004680321739,46.2193535403337],[-59.7662711964585,46.193165282352],[-59.7649761727121,46.1293493899624],[-59.8322184820972,46.0301451750599],[-59.6530015847553,46.0668555009807],[-59.6515626694816,45.9961418084977],[-59.6749540359,45.97178816749],[-59.7429247961423,45.9497367909203],[-59.7649851659326,45.9267770990839],[-59.8800983878303,45.9043030411525],[-59.9675394703702,45.859264993085],[-60.0355102306126,45.8372046232948],[-60.0346109085665,45.7928050938801],[-60.103247167123,45.7462741712161],[-60.1701027680282,45.7476411407262],[-60.2332531621037,45.6819096923785],[-60.3726480792454,45.6342006578342],[-60.5963184653248,45.5796747621806],[-60.6923570666253,45.5301940632056],[-60.8647031435352,45.5891895894281],[-60.8685702283333,45.5157059850433],[-60.8673201706893,45.4546240316738],[-61.0422562950919,45.4510537231509],[-61.1356508895768,45.4991674526159],[-61.1833149580189,45.4771070828257],[-61.2503863962152,45.4316463533966],[-61.3429266347563,45.386743203636],[-60.8907385167691,45.3621557388963],[-60.9234918256872,45.2647951341881],[-60.9710659619245,45.2152874555517],[-61.1011708823303,45.1819405940832],[-61.2716103965025,45.1854209704015],[-61.31996694292,45.1605097497252],[-61.4984014300819,45.1170095423566],[-61.5217658168389,45.0926918742307],[-61.6109246044869,45.0945174979842],[-61.6329849742771,45.0715488129275],[-61.7684768337388,45.0494884431373],[-61.8130382411219,45.0265377445214],[-61.858498970551,45.0044773747311],[-61.9255614155268,44.959016645302],[-61.9710311381764,44.9369652687323],[-62.0290823762506,44.876530827236],[-62.242914179146,44.8466823285267],[-62.3332690651152,44.8001424126423],[-62.438840480104,44.8022917923324],[-62.5786940514892,44.7569120018875],[-62.6457564964651,44.7339523100512],[-62.7137272567075,44.7119009334814],[-62.8129314716101,44.6446586240963],[-62.8597951434311,44.643696349507],[-62.9273072494299,44.6450723122375],[-63.0060788674457,44.6434715189955],[-63.1823999477993,44.6470688071798],[-63.2547504064061,44.5980197827868],[-63.3659425841828,44.6002860743429],[-63.4560006938768,44.5538990432063],[-63.501461423306,44.5548253449138],[-63.4996717724343,44.4670964793191],[-63.5671928716536,44.3968144614183],[-63.7940198781148,44.4188748312086],[-63.8803637877585,44.463346306387],[-64.0406229763692,44.4666198386347],[-64.041594244179,44.418883824429],[-63.9977702808737,44.3767685730113],[-64.0976310008699,44.3628290812971],[-64.1309598758975,44.3061358195125],[-64.2034452328112,44.2593261070143],[-64.2434920435229,44.2161136827004],[-64.2893574678728,44.1944670010514],[-64.3124880308978,44.1695018210523],[-64.4469007039043,44.126945901832],[-64.631792323357,43.9764803303031],[-64.7097545515313,43.9396800721777],[-64.7582459962557,43.836941521634],[-64.8286449260224,43.7884950430119],[-64.8745193435928,43.7668483613629],[-65.0312441965623,43.6534258649118],[-65.0754458751269,43.6551795429017],[-65.1228491401756,43.6300974510366],[-65.2104790803452,43.6335688341344],[-65.2337535348976,43.6084507693876],[-65.2769659592116,43.5684129518963],[-65.3237846649303,43.4959186017621],[-65.3471400584668,43.4742719201131],[-65.3870070047694,43.4312483534288],[-65.4805544840022,43.4275341533785],[-65.5268156100523,43.4520226926932],[-65.6071790280896,43.39672338008],[-65.7956139764038,43.4563754113962],[-65.8723531265954,43.6534618377936],[-65.9569973175721,43.6312395900351],[-66.0140503081751,43.5696540163199],[-66.0889908142746,43.6093051253313],[-66.2015139886796,43.6361139155249],[-66.1798673070305,43.6993272621435],[-66.1457470286024,43.7309474252835],[-66.1790129510867,43.7668483613629],[-66.2032676666694,43.7893224192943],[-66.2014960022386,43.8339377860001],[-66.2032856531104,43.8789488544062],[-66.2010553344361,43.9352194348291],[-66.2023953242847,43.9689709912183],[-66.2013970768136,43.9941610017289],[-66.2548797588937,44.0952358064874],[-66.1573662694377,44.2795338733896],[-66.1804338799196,44.3567586574861],[-66.3097563901453,44.2171748827148],[-66.4264074527417,44.2125523673979],[-66.4283320019203,44.2613226019566],[-66.3313940785738,44.3324230029193],[-66.2509047554501,44.4192975125702],[-66.0354361864308,44.5946473251141],[-65.9314475782431,44.6437323223889],[-65.6847365613432,44.7796198835509],[-65.2562635657109,44.9813198320447],[-65.1900284970175,45.0163664121803],[-65.1212213672722,45.0488409312641],[-65.0594919020296,45.0815043079775],[-64.8745193435928,45.1622274548333],[-64.4664609584065,45.2744718394039],[-64.5387214848086,45.3414263657343],[-64.4694107347176,45.3741437017705],[-64.6286986555185,45.3646738406253],[-64.7109686362934,45.2758837750163],[-64.7832201694752,45.2730239309097],[-64.851199922938,45.3197976705262],[-64.986188162054,45.314446704352],[-64.9569871752179,45.4430677433817],[-64.8745193435928,45.4998149644891],[-64.7857112915428,45.5417233718362],[-64.7728060201816,45.5556538703299],[-64.8517754890475,45.6044690709909],[-65.00016362665,45.5238358563398],[-65.2909144441462,45.4340475432596],[-65.4013332049634,45.3833707459632],[-65.5261321252973,45.2961994600371],[-65.6293113436435,45.2643364799447],[-65.7286864297349,45.2286783608177],[-65.7974665798187,45.20744536731],[-65.9229220052463,45.1624342989039],[-66.0000208842563,45.1836672924117],[-66.0444473933325,45.2078050961284],[-66.1889864325777,45.1184574508508],[-66.3151073563194,45.0949131996845],[-66.476517677149,45.0277788089449],[-66.5289481524352,45.0864595724514],[-66.8536843500527,44.9861761710935],[-66.8559686280497,44.9479909570171],[-66.8528749602112,44.896109068179],[-66.9170775610805,44.7951511752866],[-66.9890233247665,44.7560576459437],[-67.0353024372576,44.7348156592154],[-67.2008406462787,44.5939998132409],[-67.4588291616365,44.514328873179],[-67.5198571556831,44.446034357],[-67.6120196789649,44.4129662853659],[-67.7966325085833,44.4457735536067],[-67.8230186174152,44.3972191563391],[-67.8454926753466,44.3482600641507],[-67.9770814771284,44.3561021523925],[-68.023234684533,44.3044540872864],[-68.1589513745063,44.3125389924806],[-68.1613165914874,44.2728069444849],[-68.1591312389155,44.2362045372097],[-68.2056891412408,44.1946018993582],[-68.2031800327323,44.1523877225155],[-68.2268591822054,44.1258847018176],[-68.2837592880607,44.1152637084535],[-68.3201548512653,44.0714487383686],[-68.4404481681484,44.0837154910772],[-68.521324199752,44.0599823822812],[-68.518221538693,44.0295763039034],[-68.6222101468807,43.9700142047918],[-68.6786605917129,43.9904378084582],[-68.7376651111559,44.1479810444897],[-68.748187179095,44.1227280814359],[-68.7428362129208,44.0702526400474],[-68.7462806163573,44.0364920904377],[-68.7396616060982,43.971579025152],[-68.940327334239,44.0160774799918],[-69.0072908537898,44.1704910753029],[-69.0397024203304,44.126262417077],[-68.9937380705554,44.0880861962211],[-69.0228041590846,43.9491319468819],[-69.0827259870146,43.9430255501891],[-69.152882099829,43.9501751604554],[-69.1942149410666,43.900415671646],[-69.2413124366196,43.8799920679796],[-69.277995782879,43.8358263622969],[-69.3614978348571,43.827318775741],[-69.4433721139318,43.8580845829372],[-69.4642903447236,43.8328945724266],[-69.5338888778693,43.7899699311675],[-69.5582155392157,43.7338792151538],[-69.7119456497718,43.7495543984168],[-69.7404091925301,43.6839128822738],[-69.8366816175625,43.6741012787511],[-70.0373113728215,43.6945518620789],[-70.0894180921712,43.6318241493651],[-70.1664899915198,43.6092061999063],[-70.1599249405835,43.544769775305],[-70.2069864632546,43.5178081003636],[-70.299589654339,43.4776533710063],[-70.2964600136187,43.4469415231329],[-70.3441060956197,43.4073623598851],[-70.4096756659991,43.328428863901],[-70.5426224440705,43.2894162735423],[-70.5467683187029,43.2487759102801],[-70.5407698406556,43.1899782349077],[-70.6426720216964,43.0571843415842],[-70.6884834867235,43.0191250325943],[-70.7871840812803,42.8819784205677],[-70.7343668975142,42.7020150859275],[-70.601285221136,42.7155768623824],[-70.5475057627806,42.6709075363538],[-70.5428382813615,42.6251140577676],[-70.6346051029431,42.572557677395],[-70.7699260912161,42.5138679206681],[-70.8146493765674,42.4600255097695],[-70.8617468721204,42.4396019061032],[-70.8719541773434,42.40479814292],[-70.83617015313,42.3761367493116],[-70.8451993464726,42.3035254873115],[-70.7469304264979,42.2822655141422],[-70.7169020633795,42.2447727780413],[-70.6794093272786,42.2147444149229],[-70.6593994117534,42.1672422244492],[-70.6118972212797,42.1022122472975],[-70.591878312534,42.0547100568237],[-70.5666253494802,42.0117584359032],[-70.5701596851213,41.9833398592472],[-70.5002733689208,41.9273750483199],[-70.4770348872502,41.7938796838005],[-70.288815776227,41.7531583815542],[-70.0292264676273,41.8161109247794],[-70.0958392515801,41.8694587085527],[-70.1211191942953,42.0147531783166],[-70.2254405516401,42.0017849544122],[-70.2517996808106,42.0347001412986],[-70.2942566746058,42.0686945146402],[-70.2093606734563,42.1222311560431],[-70.0460347966685,42.0755923147336],[-69.9309035883299,41.9318176992275],[-69.8817736249528,41.7047658622548],[-69.9392043308151,41.6070815016101],[-69.9592142463403,41.5370692803231],[-69.9899260942138,41.5124818155834],[-70.0374552643489,41.5183903614261],[-70.0224815522818,41.6388275698366],[-70.1765444119949,41.6196630170347],[-70.2749122573947,41.5818555182176],[-70.3601410077013,41.5924495319205],[-70.4543539852481,41.5370692803231],[-70.5962670041189,41.5164208461452],[-70.5376042270534,41.4916984830986],[-70.5018561757219,41.4470471435109],[-70.4318439544349,41.4270282347653],[-70.4118250456892,41.3359898640411],[-70.7139343006274,41.3138035891644],[-70.7694404573112,41.2444928390734],[-70.8048467662652,41.2161372149606],[-70.8819636317162,41.2534590798727],[-70.8359633090594,41.2903043041005],[-70.8719451841229,41.3515121625563],[-70.8369525633101,41.3795260442916],[-70.8269431089373,41.392026620732],[-70.976761168593,41.4024137903642],[-70.9694047142561,41.4746293506641],[-71.0407569253917,41.4673628285318],[-71.0863615463482,41.4720033302896],[-71.1718960661505,41.4398705535833],[-71.2665407182795,41.4495112859172],[-71.3169027528597,41.4206700278996],[-71.3862494758326,41.4277386991817],[-71.4657315582647,41.3320508334793],[-71.5798375394708,41.3436880607555],[-71.6923876935372,41.3122117891429],[-71.8643110890854,41.2815808802535],[-72.0326551828903,41.2183225675325],[-72.0844741191852,41.2806995446484],[-72.3964039708665,41.2376040322004],[-72.5486591932671,41.2220817336851],[-72.6135452788914,41.2287007439443],[-72.6449945708427,41.1908392858045],[-72.7958378576309,41.2244199710049],[-72.8637456653302,41.2174951912502],[-72.9320042086273,41.2244559438868],[-73.0877667870076,41.1321675155185],[-73.2804645218202,41.0978313997994],[-73.3641554314279,41.0375948091532],[-73.5219954437347,40.9912797237803],[-73.6074849974346,40.9542006758206],[-73.617701295878,40.9419069434508],[-73.5380933083594,40.9523210927443],[-73.3901818114414,40.9791388761583],[-73.2179976124997,40.9320144009439],[-73.179668506896,40.9765038625633],[-73.1460338623728,41.0054800188878],[-72.8975062149398,40.9855150694649],[-72.6264955163549,41.0072876562004],[-72.4594734259578,41.1115370677815],[-72.412789618546,41.1323743595891],[-72.3550081770857,41.1646150549409],[-72.1176950755672,41.2292043642901],[-72.0543648170826,41.2129356284765],[-72.1443869538948,41.1565481361876],[-72.1548011031883,41.1444612478884],[-72.0603183290276,41.1264208476441],[-72.0312792201598,41.0648982264721],[-71.9477501885203,41.1090999050367],[-71.8773332723126,41.1118878033795],[-71.8063857560977,41.0784060436041],[-71.8640772653534,41.0318301548378],[-72.4176459575948,40.8278998876698],[-72.7741552031001,40.7285248015784],[-73.1986082291864,40.5962884879235],[-73.2913643050186,40.5926192539755],[-73.3508004990437,40.5949754777362],[-73.4934869348741,40.5701272096031],[-73.8319377936942,40.5484805279541],[-73.9473477918671,40.5182363275446],[-74.0643226104001,40.5592364196252],[-74.146160916593,40.4834055847],[-74.0939192989364,40.4794935337996],[-73.9464574630414,40.4853391270991],[-73.939559662948,40.3113652772858],[-74.0128454164827,40.0316941073972],[-74.0710495393047,39.7268149405571],[-74.323992857984,39.3957655021763],[-74.4162363202499,39.3322913521643],[-74.5007096400378,39.2924244058617],[-74.6563463133317,39.1482181157735],[-74.7028142834524,39.0497603381692],[-74.7899675829375,38.9556912521497],[-74.8843604248937,38.9057518989311],[-74.9752279244291,38.9021456175263],[-75.0164348605803,38.9403218383822],[-74.9689236768861,39.0410009414404],[-74.9122304151015,39.1481461700098],[-75.0732270477899,39.1763668958156],[-75.1575384896095,39.1730214178042],[-75.2489635688136,39.2431235712959],[-75.2948289931634,39.2647702529449],[-75.361495736439,39.3106446705152],[-75.3956789674103,39.32147250795],[-75.3609831228728,39.1981484757716],[-75.3694457433263,39.0928468573966],[-75.2879401862905,38.9887863034452],[-75.2478214298151,38.8988720852786],[-75.1600296116772,38.8366300064697],[-75.0579205865657,38.8448318235299],[-75.0028281180232,38.4383742315856],[-75.0459955762348,38.3416161726483],[-75.1041007736317,38.2374836729332],[-75.165920171079,38.0745624910662],[-75.2727326504914,37.9381803027788],[-75.3287784004028,37.8487067524148],[-75.4631910734092,37.8181747689505],[-75.5624132747528,37.6592016108658],[-75.5662893527714,37.6110069424166],[-75.5631956849329,37.5725339452854],[-75.6103291533677,37.4880606254976],[-75.6311574519548,37.4413768180858],[-75.6778412593666,37.3755284578721],[-75.6986785511741,37.3288446504603],[-75.7678723893992,37.2404952526539],[-75.7939617219558,37.1538185938531],[-75.9796177651477,37.0379409482163],[-76.0644957798563,37.2647769478979],[-75.9635109073025,37.6011054066893],[-75.8610781262545,37.7455725001709],[-75.8284417292024,37.8187053689577],[-75.7477095891262,37.8547322101235],[-75.790373426992,37.8914964953671],[-75.8007875762855,37.9035833836663],[-75.8353844953981,37.8931692343727],[-75.9223219575922,37.8612433017371],[-75.9358297747243,37.9936055204785],[-75.9662718259839,37.9673812896149],[-75.9721174192834,37.8945362038828],[-75.9254156254307,37.8108183146136],[-75.997091592503,37.7581360291545],[-76.0390269795114,37.8571963525297],[-76.0361401557435,37.8930613157272],[-76.0787950003889,37.9298166077504],[-76.0839211360515,37.9936055204785],[-76.0777697732564,38.0701917859222],[-76.1054598990551,38.0940507998047],[-76.1262881976422,38.1857456756225],[-76.2022539308742,38.2333288050804],[-76.2388203652676,38.2757768056551],[-76.2832468743437,38.3140519519361],[-76.3249124647384,38.4074195667597],[-76.3409383835995,38.421224160167],[-76.3556153193914,38.3318765148894],[-76.3488614108254,38.2861909549487],[-76.3567664516104,38.2326992796481],[-76.2861247048912,38.1374071156459],[-76.3091743289321,38.0063129409895],[-76.3536368108901,38.0259181615939],[-76.418262093121,38.0738340402089],[-76.498481619631,38.0836366505111],[-76.4890837042495,38.0480145042661],[-76.4403584357931,38.0292276667235],[-76.3784131332594,37.9899003136487],[-76.2440454263553,37.9380723841333],[-76.1965072629997,37.865497095015],[-76.2781477183425,37.7369030356466],[-76.2554937960018,37.6222574612129],[-76.2713668301151,37.5419480024984],[-76.2378041313555,37.4890768594096],[-76.1991152969334,37.3887664783903],[-76.2705484470531,37.2762433039854],[-76.3184283527862,37.2959204703535],[-76.3292561902209,37.2617372393822],[-76.365229072064,37.2283993711342],[-76.24043015173,37.1127735356702],[-76.2391980805269,37.081773904742],[-76.2691185249999,36.9964192493489],[-76.1807151678706,36.9496455097326],[-76.0933730107558,36.9461831198551],[-75.9749772633899,36.9508775809357],[-75.8431276582148,36.5747001622827],[-75.7491485043999,36.2375533204295],[-75.525586036966,35.8521218779224],[-75.452588066486,35.7141748692749],[-75.4475968291303,35.5883507218085],[-75.5110709791423,35.1899330689561],[-75.6384779334098,35.1949782656345],[-75.8469048108083,35.128995007114],[-76.0926985192212,34.9940517341003],[-76.3902931774881,34.7495080833315],[-76.4651527446034,34.6518866752299],[-76.5232849216617,34.5618645384178],[-76.5596265255436,34.5865329421417],[-76.6192066110962,34.6508344684361],[-76.9035902285062,34.6627055194443],[-76.9320177983826,34.6933903876563],[-77.2866024947093,34.8563565356257],[-77.6589667878869,34.9868751441726],[-77.8422306344362,34.9941416663049],[-78.0497312101272,34.9284461908391],[-78.2649839418553,34.8019025857358],[-78.6314486824107,34.4063897430922],[-79.237636707568,34.3772876816813],[-79.358379685474,34.3202976436214],[-79.4444627917244,34.2405457645755],[-79.5396560303015,34.1164123425556],[-79.76779604695,33.7546780359627],[-79.8974782859941,33.6860597638471],[-80.204911527445,33.566351006294],[-80.3868084044842,33.4488815606356],[-80.5387488641687,33.3240286809789],[-80.8001368168606,33.0929658676807],[-80.9130287133044,33.0332328973804],[-81.3153853967186,32.891014109014],[-81.6372797366705,32.7142973269601],[-81.8614447498752,32.5300891922625],[-82.1621060963192,32.2055868183771],[-82.3101165186624,32.1537139227594],[-82.7443451753895,32.1753606044085],[-83.1456856248916,32.2101913472529],[-83.3782503060067,32.1086938611328],[-83.6286215636342,32.1359613055699],[-83.750704531389,32.1935718758415],[-83.8684527668816,32.3026686332509],[-83.8736958144103,32.4350398452128],[-83.8289275629566,32.5299003346328],[-83.7659930061723,32.5978261287729],[-83.5861285969571,32.6930013809091],[-83.3994563198533,32.6651223974807],[-83.1985657612009,32.5588225316346],[-83.1645803810796,32.6691693466881],[-83.2095015172811,32.9511337877942],[-83.2740368673075,33.2484586494472],[-83.4123076318916,33.343606921922],[-83.5437885150279,33.3488139965688],[-83.6788037338052,33.3060692197188],[-84.179447323635,32.9221486382492],[-84.3672257668556,32.8071793078788],[-84.4477960289635,32.8039867146153],[-84.5673429085483,32.8505446169406],[-84.6691281777232,32.9044050142801],[-84.9215408963952,33.0080878529721],[-85.1163070719138,32.972483693168],[-85.3025656608765,32.8358586879282],[-85.4846693819864,32.6203631392476],[-85.5320276809327,32.4396533673091],[-85.5589623762126,31.9064633126318],[-85.6983662865748,31.7560157275439],[-86.2752993655732,31.4564515539961],[-86.4062316622613,31.3534881729409],[-86.4569893985419,31.2575664835065],[-86.4320871710861,30.9929499646692],[-86.3061910778559,30.6512885261446],[-86.1737838930122,30.5435317585839],[-85.595429885181,30.4513962149634],[-85.404656699547,30.4059624651957],[-85.2462231346898,30.3557982814656],[-85.1354716247156,30.2531766427879],[-85.0841203358847,30.128161885163],[-84.9674962529497,29.8032458231363],[-84.8558724005908,29.726434727181],[-84.432777350794,30.1264891461573],[-84.2201146665586,30.2567019852085],[-83.9915519685484,30.3505822135984],[-83.7228255479606,30.3973739396557],[-83.5561002338387,30.333594020148],[-83.4697383377541,30.123341518996],[-83.4616624257803,29.9196720552213],[-83.487050287141,29.7005432454745],[-83.4978691313553,29.6663600145031],[-83.595220742843,29.7345645984775],[-83.6372010959537,29.826016657343],[-83.7207031479319,29.9194831975916],[-83.8012464303784,29.9483874081524],[-83.846149580139,29.9457074284551],[-83.8796493263553,29.983200164556],[-84.0415902471921,30.0711988267645],[-84.294488599769,30.0317905347055],[-84.3241122679667,29.8730781800141],[-84.5433759760204,29.8861453293435],[-84.5450756946875,29.8576638001443],[-84.5415773319283,29.7990010230789],[-84.6575628962106,29.7457611579512],[-84.7624148535626,29.6645164043087],[-84.9969850228405,29.5669489555299],[-85.0603242745456,29.5631718029364],[-85.1064235226274,29.5882179219196],[-85.1527026351184,29.6094599086479],[-85.2318789480549,29.6524834753322],[-85.2871063149044,29.6557749940208],[-85.3966707197778,29.6492459159663],[-85.4433275475282,29.7792788906084],[-85.4464931611304,29.8324018438701],[-85.4205477201011,29.904716329595],[-85.5128001755876,29.9470564115243],[-85.6015542683148,30.0158365616081],[-85.7153544800252,30.0820896167425],[-85.9246177269265,30.2114570930705],[-86.2363946938599,30.3233237623818],[-86.5739102577521,30.3746660579923],[-86.8406581698386,30.3534240712639],[-87.1319665670034,30.3071539519934],[-87.1438556044525,30.2965329586292]],[[-69.7503377079188,47.7760620156496],[-69.7322703280132,47.7561330391085],[-69.7241494499371,47.783760212364],[-69.7503377079188,47.7760620156496]],[[-69.8154666104956,47.8605443286579],[-69.8760719231806,47.7592087205061],[-69.9938111654529,47.6719115294936],[-70.1100125670263,47.6243553796971],[-70.1419564861029,47.5713943044037],[-70.17137331023,47.4995294797018],[-70.2769986845416,47.4363610991855],[-70.3438362990059,47.3497653793688],[-70.4105839812657,47.3398998165234],[-70.4938701959527,47.3522025421137],[-70.5245640573853,47.3013278939672],[-70.5441692779897,47.2534120153523],[-70.6595972626035,47.1212746271224],[-70.6693998729057,47.0860661690186],[-70.6055839805162,47.103836772649],[-70.4726282092244,47.184038312718],[-70.4798767449158,47.2331323032133],[-70.4590124734468,47.2759220461656],[-70.3271628682717,47.2240851234298],[-70.2094775853222,47.32382893156],[-70.088087095543,47.3735164746057],[-70.0973321261766,47.4360643229103],[-70.0715395698952,47.4559663197899],[-70.0519343492907,47.5038821984048],[-69.9365063646769,47.5684984874153],[-69.9089421439647,47.6358487154459],[-69.8014731594587,47.6585206242275],[-69.7818589456338,47.7138019503998],[-69.8405037362584,47.7590648289788],[-69.7789631286454,47.8610749286651],[-69.7691605183432,47.896283386769],[-69.8154666104956,47.8605443286579]],[[-70.7144199345323,47.0860661690186],[-70.7144199345323,47.0635651314258],[-70.6693998729057,47.0635651314258],[-70.6693998729057,47.0860661690186],[-70.7144199345323,47.0860661690186]],[[-70.7655643792926,47.0545449313036],[-70.7269295041932,47.0343101852669],[-70.7144199345323,47.0635651314258],[-70.7655643792926,47.0545449313036]],[[-70.961985307376,46.6359464917373],[-70.9275952323341,46.6915785535075],[-70.8880790216295,46.7776706529783],[-70.9569760835793,46.9044570750341],[-71.1352127198911,46.8938270884494],[-71.1838930222451,46.8393461588982],[-71.1726784763305,46.6511720139774],[-70.961985307376,46.6359464917373]],[[-60.4553227549411,46.3806829221792],[-60.4372553750355,46.3607629388586],[-60.4291344969594,46.3883811188936],[-60.4553227549411,46.3806829221792]],[[-60.365300618129,46.3581728913659],[-60.3472332382233,46.3382529080454],[-60.3391123601472,46.3658710880803],[-60.365300618129,46.3581728913659]],[[-64.7144849854936,45.5648449416408],[-64.6510917744658,45.6139838982384],[-64.6019528178682,45.6323660408602],[-64.5305826202916,45.6788430042014],[-64.5710880852469,45.7068029266139],[-64.645066316757,45.6902194280842],[-64.6694739170875,45.654867078453],[-64.7360417349381,45.6089117218986],[-64.7728060201816,45.5556538703299],[-64.7144849854936,45.5648449416408]],[[-66.0781629768398,44.4078401497032],[-66.0858611735542,44.4340284076849],[-66.1057811568749,44.4159610277793],[-66.0781629768398,44.4078401497032]],[[-64.0755436514183,44.4165635735501],[-64.1520399846575,44.3771822611525],[-64.0976310008699,44.3628290812971],[-64.0755436514183,44.4165635735501]],[[-68.2920600305459,44.1811120686671],[-68.3363336548742,44.1418566613559],[-68.2837592880607,44.1152637084535],[-68.2920600305459,44.1811120686671]],[[-93.1754826623949,43.8001772363904],[-93.0737783322042,43.9235372414506],[-92.9022146654744,44.1574419124144],[-92.7715161925182,44.3180428434026],[-92.4870606293445,44.5017293713135],[-92.3303267831545,44.5627663585807],[-92.0610068100162,44.6212222915756],[-91.9003519197053,44.7062262113706],[-91.935713262557,44.7730458393941],[-91.8809535431714,44.8237765960132],[-91.830060908584,44.8787071865875],[-91.8379299764872,45.0773494401246],[-91.9043179299285,45.1388630680762],[-91.9305511540125,45.1944411705237],[-92.0393601283672,45.2288852048884],[-92.0835168408295,45.2522495916454],[-92.31989464742,45.3220010095391],[-92.5758057288513,45.4271137702843],[-92.8870251161162,45.5985425387073],[-93.2327424970685,45.8835916544314],[-93.2763326366418,45.8365481182012],[-93.3321085899394,45.7848730734337],[-93.3889277568105,45.814937409434],[-93.4322391065494,45.813219704326],[-93.3705636006296,45.3995765292335],[-93.277195985806,45.4323028584902],[-93.1797274624524,45.4539495401393],[-93.0429675589057,45.3815810950916],[-93.0071205821491,45.2255307336565],[-93.1010367834207,45.0890496199441],[-93.1905193270053,45.0496952872078],[-93.3347885696367,45.1489714478741],[-93.3928937670337,45.3324871045963],[-93.5349866503136,45.0736622197358],[-93.7013972017194,44.9194734549361],[-93.937640110003,44.844676840364],[-94.0415387859861,44.7315421269677],[-93.761660772027,44.5114510426316],[-93.5754831220484,44.3105155178769],[-93.2684815551796,43.8296210401789],[-93.1754826623949,43.8001772363904]],[[-66.1006730076531,43.6426340003589],[-66.1083712043675,43.6688222583406],[-66.1282911876881,43.650754878435],[-66.1006730076531,43.6426340003589]],[[-84.5331506843565,42.7423946457964],[-84.5612994643987,42.7937459346273],[-84.5861297460909,42.7537890561201],[-84.5331506843565,42.7423946457964]],[[-70.898142435325,42.3970999462056],[-70.8800750554194,42.3771799628851],[-70.8719541773434,42.40479814292],[-70.898142435325,42.3970999462056]],[[-83.1152705532933,42.2697649377018],[-83.124281760195,42.3209093824621],[-83.1445165062317,42.2822835005832],[-83.1152705532933,42.2697649377018]],[[-83.0252394232607,42.247263900109],[-83.0442780709761,42.3214399824693],[-83.1019515937909,42.2669410664771],[-83.0252394232607,42.247263900109]],[[-70.8719541773434,41.4595477199514],[-70.8627631060324,41.4728576862333],[-70.8136331426554,41.4912488220755],[-70.7502399316275,41.5403787854527],[-70.6847692866732,41.5648763179877],[-70.7056875174649,41.6487920581071],[-70.8136331426554,41.5587609280744],[-70.8852731368457,41.5403787854527],[-70.9468766970019,41.5002600289773],[-70.8719541773434,41.4595477199514]],[[-70.7332427449567,41.4222348482597],[-70.7513101248623,41.4421548315803],[-70.7594310029384,41.4145366515453],[-70.7332427449567,41.4222348482597]],[[-70.7594310029384,41.392026620732],[-70.7594310029384,41.4145366515453],[-70.8269431089373,41.4145366515453],[-70.8269431089373,41.392026620732],[-70.7594310029384,41.392026620732]],[[-72.2242737312476,41.1357018511596],[-72.252386538408,41.0896026030778],[-72.1924557172575,41.069385843482],[-72.1548011031883,41.1444612478884],[-72.2242737312476,41.1357018511596]],[[-82.1250000686982,41.0319290802629],[-82.114379075334,41.043818117712],[-81.962231771579,41.0792154334456],[-81.7767915656781,41.1563502853375],[-81.6507066148184,41.2048147504005],[-81.3944717774505,41.3440567827944],[-81.2482869788609,41.4573443809385],[-81.1640205031437,41.6879485399932],[-81.1204753296727,41.9674038725908],[-81.3693627059241,42.0630827450727],[-81.7092704664588,42.1228426950344],[-81.7912616573995,42.214609516616],[-81.9682302496263,42.2040604690155],[-82.0033847484074,42.1647241227202],[-82.0918780377412,42.1241107391194],[-82.1357469671487,42.1002697116779],[-82.171081330339,42.1023741252657],[-82.2834066538939,42.0239082767457],[-82.3156653356866,41.9878094898162],[-82.3394434105849,41.9665675030879],[-82.464206358037,41.7522680527285],[-82.499028107661,41.6394930681507],[-82.4929936567318,41.5383193379672],[-82.503731561962,41.3582660711224],[-82.4946574025171,41.2061457470287],[-82.3227430001892,41.052541541559],[-82.1250000686982,41.0319290802629]],[[-73.6627123642841,40.9419069434508],[-73.6627123642841,40.9193969126375],[-73.617701295878,40.9193969126375],[-73.617701295878,40.9419069434508],[-73.6627123642841,40.9419069434508]],[[-73.6889006222659,40.9116987159231],[-73.6708332423602,40.8917787326025],[-73.6627123642841,40.9193969126375],[-73.6889006222659,40.9116987159231]],[[-87.5039531449216,40.6043194337949],[-87.4931253074869,40.6160016271734],[-87.4109992182393,40.6420010275255],[-87.1555377978311,40.8635670000171],[-86.9789289344228,40.9930963543134],[-86.9356355711246,41.0398251278274],[-86.7812489554748,41.1530677598693],[-86.7504291889558,41.0877679861038],[-86.6636446115095,41.0436112736414],[-86.6108004480821,41.265429056306],[-86.6410536417121,42.0218488292601],[-86.6370066925048,42.1238139628442],[-86.6680602827558,42.2124061776031],[-86.794954623457,42.1679347024246],[-86.8847159568758,42.1914519739295],[-86.9368046897845,42.189392526444],[-87.1034670513633,42.1011960133854],[-87.132173411074,42.0105173714796],[-87.1555377978311,41.9888706898306],[-87.1771844794801,41.8754841662613],[-87.2482309211201,41.6727769770759],[-87.2429519007096,41.5396233549339],[-87.1234589804475,41.3444614777151],[-87.0880166986117,41.2653661037627],[-87.152237285922,41.2058669571944],[-87.277000233374,41.2496009882951],[-87.3640725938751,41.3435711488895],[-87.4247498523238,41.5612520501421],[-87.4706242698941,41.6279098001972],[-87.4922709515431,41.6677407736179],[-87.2956521726096,42.0174781241162],[-87.4825312937841,41.9519804995005],[-87.61673712272,41.8490710777681],[-87.7899555420146,41.8078101822941],[-87.8725582719466,41.7186513946462],[-87.9449177237739,41.6962852553604],[-88.0104423280509,41.8351225928335],[-88.0800948205195,41.8996669360803],[-88.137606465366,41.8973826580833],[-88.2124660324814,41.7363410592926],[-88.1665466488087,41.6495654750667],[-87.988660748095,41.6566161599079],[-87.938343679617,41.5500015313457],[-87.9439104830823,41.4095004480873],[-88.0381864131724,41.3796519493781],[-88.1337753534497,41.383438095192],[-88.3742360821294,41.4822106355125],[-88.7395586836863,41.5210883275644],[-88.8018727082588,41.5883396301699],[-88.7976099217604,41.6958625739987],[-88.798635148893,41.7216821099415],[-88.7409346464167,41.8863030104756],[-88.6908783813322,42.0443858397348],[-88.6409390281136,42.529012503924],[-88.6109376446565,42.6146099762695],[-88.2184824969696,42.6435591529326],[-88.120762163443,42.7108104555382],[-88.0510916845336,43.0032699849219],[-87.9865653277276,43.1603815463714],[-87.9888046396223,43.2170658149355],[-88.2993675217936,43.5048128967978],[-88.4000825977336,43.6421303800131],[-88.4645999613191,43.7019083164158],[-88.6108567056723,43.7482144085682],[-88.7453952837653,43.7428814288349],[-88.8463801563191,43.6733908143347],[-88.893378726447,43.5737998909523],[-88.8873892416202,43.4227317736525],[-88.7976279082013,43.2041965164561],[-88.7737149349962,43.1038051964528],[-88.7811163554354,42.9169710413805],[-88.8485475224501,42.7895461006721],[-89.2247159478826,42.6565813361598],[-89.4610397951504,42.5595085145064],[-89.5810543221992,42.496007384833],[-89.7054935137146,42.4103829328262],[-89.74287833117,42.2645128969527],[-89.6693587539033,42.0133682223657],[-89.5853350951385,41.8088174229858],[-89.4946564532327,41.5627359315181],[-89.353660742849,41.3958847123097],[-89.1672402759179,41.2591517884244],[-89.0281871011537,41.0695657078912],[-88.9627344426403,41.0089154291039],[-88.8696905837534,40.8820570612845],[-88.6790163235444,40.7699655614616],[-88.4352910558375,40.7119143233874],[-87.8072495049606,40.6367579799968],[-87.5949015834412,40.6451756343481],[-87.5381453691134,40.6151382780092],[-87.5039531449216,40.6043194337949]],[[-88.9893543752042,40.4917872661695],[-88.9983655821059,40.5429317109298],[-89.018609321363,40.5043058290508],[-88.9893543752042,40.4917872661695]],[[-84.0155099078559,40.3342440301379],[-84.0050957585623,40.3463309184372],[-83.8458797835251,40.3896692478376],[-83.7526830398903,40.4238974449112],[-83.6540094249949,40.478953940572],[-83.5240933622188,40.629734274817],[-83.47180677846,40.8034113483551],[-83.5223216977881,40.9409716485229],[-83.7651116705671,41.1153142203751],[-84.0238556164435,41.2307691846502],[-84.2499721584883,41.2821384599221],[-84.4023352995344,41.2404368966455],[-84.4766013140993,41.1542278853087],[-84.5844660003056,40.8565432948372],[-84.6110859328695,40.5800467317713],[-84.4868985515268,40.4214692753868],[-84.3162971593864,40.3453416641865],[-84.0155099078559,40.3342440301379]],[[-86.1085740514512,39.4114946447621],[-86.0846071189233,39.4393106756472],[-85.8714228279011,39.5344409616811],[-85.7971568133362,39.5871052606993],[-85.8079936439914,39.7219675947288],[-85.9987308567436,39.8589343423461],[-86.0874669630298,39.9825101846973],[-86.1344655331578,40.1893722417357],[-85.9701953682216,40.3308985521265],[-85.9114156792901,40.3991121293214],[-85.8625465193064,40.561439758638],[-85.8959383468771,40.6834597738496],[-86.0756588645649,40.8848089867454],[-86.096487163152,40.9260069296761],[-85.9827499039848,41.1298562578601],[-85.8163573390199,41.3241637791352],[-85.6726726557184,41.414158936286],[-85.3980916486107,41.5183543885443],[-85.2204215851879,41.6741889126882],[-85.0276249249503,41.8356801725021],[-84.9386370084911,41.9389763027143],[-84.8806127500783,42.1316920239678],[-84.811472871176,42.4574804283791],[-84.8167339051455,42.5229151004516],[-84.7587276331737,42.7888446294762],[-84.7758057588287,43.0013184560819],[-84.9180335404155,43.1732688312916],[-85.1179258515967,43.2624635918214],[-85.2415376668298,43.2170658149355],[-85.3729466042024,43.0645497891415],[-85.4874392938882,42.9659031539075],[-85.6368526586232,42.9319627398886],[-85.759619111133,42.9418193095136],[-85.7814006910889,42.7753188259032],[-85.8307734714185,42.5152528766191],[-85.8864864721729,42.4154011498433],[-85.9839549955266,42.3314224571807],[-86.2492639923393,42.2307433541226],[-86.2765314367763,42.1612527396223],[-86.1865092999641,42.0342864531574],[-86.1263986144045,41.9383197976206],[-86.0981599021577,41.7036237232563],[-86.1500417909958,41.5140466359436],[-86.2791934300327,41.3579153355244],[-86.561805383012,41.2045089809048],[-86.5916179088393,41.1200266678965],[-86.5174058535972,40.9870079440615],[-86.4334811202575,40.914702451557],[-86.4367276728437,40.8743858442314],[-86.4168346691846,40.6268204713877],[-86.4391828220296,40.348669155757],[-86.5333957995765,40.1798034551654],[-86.8491567631741,39.9077585362276],[-86.8375734952206,39.7635972122416],[-86.6996534662344,39.6447697902937],[-86.2760907689737,39.4233567025499],[-86.1085740514512,39.4114946447621]],[[-84.3305963799189,39.3889846139489],[-84.2959994608064,39.4669198624618],[-84.2751711622193,39.5680756062043],[-84.377792800897,39.6323591460578],[-84.4860891616854,39.6236537086518],[-84.5621268406811,39.5354032362704],[-84.5139861315546,39.4043180548344],[-84.3305963799189,39.3889846139489]],[[-75.4632000666297,39.366483576356],[-75.4708982633441,39.3926628411173],[-75.4908182466647,39.3746044544321],[-75.4632000666297,39.366483576356]],[[-75.425887194938,39.3701618035245],[-75.4458071782586,39.3520944236188],[-75.4181889982236,39.3439735455428],[-75.425887194938,39.3701618035245]],[[-75.3956789674103,39.3439735455428],[-75.4181889982236,39.3439735455428],[-75.4181889982236,39.32147250795],[-75.3956789674103,39.32147250795],[-75.3956789674103,39.3439735455428]],[[-87.4589420765155,39.2089403403245],[-87.448527927222,39.2210272286238],[-87.3691807430968,39.2449132221675],[-87.2609833077334,39.3052847111206],[-87.1579929470169,39.424822597485],[-87.0971538105998,39.6269002612381],[-87.1379020925075,39.7758100056274],[-87.2398672260916,39.863655783088],[-87.3917986925555,39.8945385021502],[-87.5508348031835,39.8361365284781],[-87.7082431409082,39.6534302615974],[-87.7707819959923,39.488629496654],[-87.7601340229667,39.3561863389285],[-87.6578361402256,39.225559811736],[-87.4589420765155,39.2089403403245]],[[-84.5106406535432,39.1189182035124],[-84.5012517313822,39.1545313565369],[-84.3889443942683,39.1770413873502],[-84.4962335143651,39.3070383891104],[-84.570400603505,39.2599498867779],[-84.6100696989574,39.1451424343759],[-84.5106406535432,39.1189182035124]],[[-76.3822712248371,38.946563133382],[-76.4003386047427,38.9664831167025],[-76.4084594828188,38.9388649366676],[-76.3822712248371,38.946563133382]],[[-76.228406215974,38.6462884954178],[-76.2697840233139,38.6998880893639],[-76.3057299254956,38.6594185972905],[-76.228406215974,38.6462884954178]],[[-90.182179164237,38.6237784646045],[-90.1651370114639,38.6580516277805],[-90.1920087542006,38.6988628622314],[-90.2122435002373,38.6389860004037],[-90.182179164237,38.6237784646045]],[[-76.3698605806012,38.4999957781827],[-76.3220975867342,38.6300557324861],[-76.3863181740444,38.6853910179812],[-76.4272912864636,38.7588206630432],[-76.3962287029922,38.8144976909158],[-76.4084594828188,38.9388649366676],[-76.4334516424793,38.9188460279219],[-76.4634710123773,38.8138411858221],[-76.5002802637231,38.7512303849743],[-76.4691996938108,38.5013357680314],[-76.3848252994479,38.4337697027097],[-76.3409383835995,38.421224160167],[-76.3698605806012,38.4999957781827]],[[-82.2600332739164,38.1286477189172],[-82.2502306636141,38.1413461462078],[-82.1500731673427,38.2186608625089],[-82.1067887972651,38.3741086781731],[-82.1200627906652,38.463932964135],[-82.1666926387542,38.5825625352329],[-82.3527623700872,38.611080037314],[-82.4641254190528,38.5439006804721],[-82.5579966542222,38.3762310782018],[-82.5356305149363,38.2249021575087],[-82.4251218219145,38.1396014614384],[-82.2600332739164,38.1286477189172]],[[-76.5061798163454,38.1098159152724],[-76.526099799666,38.0917575285871],[-76.498481619631,38.0836366505111],[-76.5061798163454,38.1098159152724]],[[-75.9225108152219,38.0028055850098],[-75.9041286726001,38.0741128300431],[-75.9900319144413,38.075632684301],[-75.9358297747243,37.9936055204785],[-75.9225108152219,38.0028055850098]],[[-75.752098280711,37.933791611194],[-75.7701656606167,37.9537115945146],[-75.7782865386927,37.9260934144796],[-75.752098280711,37.933791611194]],[[-75.7782865386927,37.9035833836663],[-75.7782865386927,37.9260934144796],[-75.8007875762855,37.9260934144796],[-75.8007875762855,37.9035833836663],[-75.7782865386927,37.9035833836663]],[[-85.8159976102015,37.8810823460735],[-85.8059881558287,37.8935739292935],[-85.7359849277621,37.9135928380391],[-85.7159660190165,37.9597370522233],[-85.7858973013193,38.1217409256033],[-85.7762385825445,38.199397384282],[-85.6560531843069,38.2723953547619],[-85.5645561593392,38.3866452274953],[-85.5359127521717,38.5347096091612],[-85.5884241664421,38.6240392679979],[-85.7009293544061,38.610045816961],[-85.7792872842807,38.335968430199],[-85.8034970337611,38.366203637388],[-85.8463137563747,38.4004947870049],[-85.9772730327242,38.38419907153],[-86.0068517348196,38.2475021205265],[-86.2503791516764,38.3170377011291],[-86.3374694986184,38.2082826860972],[-86.3661488786677,37.9860062491891],[-86.2971079251905,37.8914875021466],[-85.8159976102015,37.8810823460735]],[[-84.0830310070752,37.8360712776674],[-83.981119832814,37.9592154454365],[-83.9520717307257,38.053284531456],[-83.9603634799906,38.1923556926612],[-84.0150152807306,38.2929358702943],[-84.1034186378598,38.3719233256011],[-84.3555255870361,38.4497686419094],[-84.6876362254314,38.4299745636753],[-84.8279844239419,38.3319394674326],[-84.8588581497837,38.2233643168099],[-84.8104026779412,38.1342055291619],[-84.5953388038427,37.9974186459538],[-84.2738221791502,37.8498578846337],[-84.0830310070752,37.8360712776674]],[[-76.3465771328284,37.3472807524048],[-76.3714074145205,37.3073148806773],[-76.3184283527862,37.2959204703535],[-76.3465771328284,37.3472807524048]],[[-83.4753680937625,35.4954327680079],[-83.4403574865087,35.5504532907868],[-83.4357889305147,35.6629854584123],[-83.5663255255025,35.6128122814617],[-83.5979007225403,35.510757215673],[-83.4753680937625,35.4954327680079]],[[-76.498481619631,35.3378895319764],[-76.5061798163454,35.3640777899581],[-76.526099799666,35.3460104100525],[-76.498481619631,35.3378895319764]],[[-76.1608851167547,35.0228030599134],[-76.129642668874,35.0590727180316],[-76.0812771292361,35.1007383084263],[-76.0197005487413,35.1722164246484],[-75.9238777847319,35.164518227934],[-75.6775534763118,35.2600711953295],[-75.6538743268387,35.2581646325918],[-75.6103291533677,35.2824643142767],[-75.5636363527354,35.3032926128639],[-75.5352627421818,35.3669016611828],[-75.5445077728154,35.4819789101986],[-75.5186252843293,35.5283569481147],[-75.4977969857422,35.5858326200794],[-75.5493461254233,35.7262077982514],[-75.6103291533677,35.7534212833656],[-75.6311574519548,35.7775950599641],[-75.6590364353831,35.8016159518148],[-75.702131947831,35.7981535619374],[-75.6946136155259,35.7045251437205],[-75.7249747278014,35.5653370706494],[-75.9148755710507,35.5221965920991],[-76.030762209908,35.3608042577104],[-76.1054598990551,35.3274753826829],[-76.1518379369712,35.3016018874172],[-76.2058961851608,35.3059456128998],[-76.2867632235439,35.2994435145067],[-76.4450439036532,35.3281408809969],[-76.4393511951015,35.2572383308843],[-76.5289776302134,35.0965924337939],[-76.6019126481501,35.0337568024345],[-76.549347274557,35.0123889106198],[-76.4698921717862,35.1046233796653],[-76.2802611251507,35.0349798804172],[-76.1608851167547,35.0228030599134]],[[-90.2271902326431,34.9777919915073],[-90.2169739341996,34.9900857238771],[-90.1168344243691,35.0335229787026],[-90.0591788879952,35.1029326542187],[-90.0369296605753,35.3484655592383],[-90.1077422784833,35.5369184939934],[-90.256876853384,35.628901152866],[-90.4313813032045,35.6631923024829],[-90.6516432587293,35.5692671079907],[-90.7520435719532,35.406507804092],[-90.7303159513201,35.1933504927311],[-90.6451411603362,35.0750087046881],[-90.5052606092896,34.9887187543671],[-90.2271902326431,34.9777919915073]],[[-86.5136826603265,33.1097921831628],[-86.4001522452299,33.2536927037553],[-86.3573445158367,33.4376760079415],[-86.3968697197617,33.6226665528192],[-86.5207873044905,33.8507166372631],[-86.6816400456515,33.9944372934464],[-87.0141823586289,33.9746162355509],[-87.2264313547232,33.8984526514687],[-87.2895098030349,33.7872694669124],[-87.23495692772,33.6352210885825],[-86.8866944653772,33.4137360550749],[-86.6593188724679,33.1222208138396],[-86.5136826603265,33.1097921831628]]]},"properties":{"OBJECTID":92,"Id":92,"gridcode":1,"Unixtime":1790600400,"Timestamp":1790600400000,"Shape__Area":7002168914133.84,"Shape__Length":32276039.167891305}},{"type":"Feature","id":93,"geometry":{"type":"Polygon","coordinates":[[[-91.825123630551,29.4412956792523],[-91.825123630551,29.4638057100656],[-91.8026135997378,29.4638057100656],[-91.8026135997378,29.4412956792523],[-91.825123630551,29.4412956792523]]]},"properties":{"OBJECTID":93,"Id":93,"gridcode":2,"Unixtime":1790600400,"Timestamp":1790600400000,"Shape__Area":7210984.1484375,"Shape__Length":10767.03317588102}},{"type":"Feature","id":94,"geometry":{"type":"Polygon","coordinates":[[[-91.8026135997378,29.4638057100656],[-91.7921994504442,29.4984026291781],[-91.7351014937389,29.5988389152838],[-91.6636053910759,29.5789369184042],[-91.7449041040411,29.4736083203677],[-91.8026135997378,29.4638057100656]]]},"properties":{"OBJECTID":94,"Id":94,"gridcode":2,"Unixtime":1790600400,"Timestamp":1790600400000,"Shape__Area":122546073.79492188,"Shape__Length":50045.736756724684}},{"type":"Feature","id":95,"geometry":{"type":"Polygon","coordinates":[[[-98.5319347010256,29.2612514056279],[-98.9018528382379,29.2722681006924],[-98.9474574591943,29.3540164746806],[-98.8772653734981,29.405610580464],[-98.6347541905534,29.4425637233372],[-98.4182334147403,29.5633696537866],[-98.3265025660405,29.5707351013439],[-98.2739551788883,29.5254632295445],[-98.3214933422439,29.4598846659447],[-98.4051572721903,29.422553807812],[-98.4973377819131,29.2941755857348],[-98.521520551732,29.2733382939272],[-98.5319347010256,29.2612514056279]]]},"properties":{"OBJECTID":95,"Id":95,"gridcode":2,"Unixtime":1790600400,"Timestamp":1790600400000,"Shape__Area":1468522275.7109375,"Shape__Length":182993.93105476702}},{"type":"Feature","id":96,"geometry":{"type":"Polygon","coordinates":[[[-91.6675803945195,29.7113710829092],[-91.6567525570848,29.7680643446938],[-91.6117414886787,29.9832091577765],[-91.6390808788794,30.2515308834436],[-91.7369900700356,30.5607717622071],[-91.8743615125737,30.7944426094389],[-92.0603503049226,30.9951802833435],[-92.2268597817535,31.0635737249475],[-92.5119898364617,31.1400790514072],[-92.8726269701585,31.2500661376422],[-93.243291544669,31.2929997721218],[-93.7733429654054,31.236594293392],[-93.9473707745416,31.1909896724355],[-94.398722523026,31.0852024201557],[-94.7555645176883,31.2740150837292],[-94.897711360291,31.3190261521353],[-94.8963803636628,31.3525348915721],[-95.0690591897298,31.4540503641331],[-95.1646031639048,31.6564967499252],[-95.1902068625566,31.6802208655006],[-95.2118625374261,31.7486053138842],[-95.256343005825,31.8755176410264],[-95.2975949080785,32.091579762596],[-95.4362613743628,32.5295585922553],[-95.5499176945459,32.7703880429739],[-95.6403355330584,32.9180567229395],[-95.6811557607297,33.004553517331],[-95.8131942235345,33.0744218470907],[-95.8807423024153,33.077101826788],[-95.9956666666833,33.0497264637054],[-96.3039272844166,32.657729970262],[-96.5218689890625,32.4905999612193],[-96.6293109939072,32.4337538146869],[-96.9346308285498,32.3212486267228],[-97.2103180017743,32.1098360001314],[-97.4309037132357,32.0636827927268],[-97.7189295849324,32.1235416681135],[-97.9759917985826,32.2682425853271],[-98.2253108494161,32.5373377279538],[-98.2959436029148,32.5345318431701],[-98.3582846071488,33.0759147216871],[-98.404293923026,33.2690621175228],[-98.4883085885705,33.4470919097639],[-98.6496469636364,33.621218644325],[-98.9931879852373,33.9279324281391],[-99.1784483267288,34.147160163311],[-99.2998388165081,34.3765682240444],[-99.3767668243294,34.6393411326872],[-99.4748828595563,35.0913403930448],[-99.5546707114841,35.2604039444865],[-99.8185407930231,35.7153170082734],[-99.8906214550161,35.9209829669905],[-100.028793294175,36.451133313152],[-100.095675874742,36.564906545201],[-100.10735806812,36.5757253894152],[-100.233083290162,36.7114240929476],[-100.605591474867,37.0043512697953],[-100.835080474584,37.3214612164621],[-100.969637039118,37.6741033771692],[-101.041789646875,37.9819233270999],[-101.052617484309,38.038625582105],[-101.042608029937,38.0736271961383],[-100.967550611971,38.2013039470196],[-100.845161874721,38.5509333788724],[-100.705020520281,39.0413876499202],[-100.544986162182,39.5340272735399],[-100.534976707809,39.5915389183864],[-100.399943502591,39.5915389183864],[-100.230915924031,39.6025735998918],[-99.939454642118,39.627385895143],[-99.7703820974558,39.6239324984861],[-99.5239228907288,39.5734535520399],[-99.3031123487559,39.4779185710853],[-99.0557718064236,39.2603276020373],[-98.9172042655644,39.0489869212095],[-98.8071812064475,38.7528851375391],[-98.6988848456591,38.1343224410279],[-98.6536939128437,38.0466025686537],[-98.6086198918944,38.0033002121352],[-98.5058993277917,38.0053956325025],[-98.0816261661146,38.3370656030952],[-97.8208947185164,38.5080087376132],[-97.5117257855165,38.639246803797],[-97.2694754059652,38.7023252521088],[-97.0092565719332,38.5967718235609],[-96.8297968576388,38.4751295236087],[-96.6979112795818,38.2972166432336],[-96.674960580966,38.2751652666638],[-96.6252550514794,38.1993524181796],[-96.5688945388519,38.0831779962676],[-96.5178670059575,37.6445426615147],[-96.4372967438496,37.4881325712612],[-96.1695325978511,37.2308814999813],[-95.9051139298639,37.1025932101086],[-95.7008239338774,37.052788755197],[-95.5216430094173,37.0833567115431],[-95.24843796504,37.2685451072709],[-94.9424436388628,37.5324601549123],[-94.823112596569,37.6209174713643],[-94.6672600859841,37.5675696875911],[-94.1934342795683,37.0744084571846],[-94.0913792137796,36.8640570306076],[-94.1377302720344,36.7286461101299],[-94.4248028623621,36.4746775643182],[-94.5167765280143,36.378935739293],[-94.7754934942293,36.0075517071456],[-94.8863978889514,35.9009910379062],[-94.9730475680907,35.8108070231257],[-95.0831875390736,35.5837821658144],[-95.0769462440738,35.2780936091328],[-95.0252622060859,35.1270884443763],[-94.9161384690151,34.9152531364232],[-94.7812311688833,34.737475154355],[-94.5926073629394,34.6459601429463],[-94.2808303960059,34.6523273430325],[-93.9806816631282,34.7550569003557],[-93.8171309558289,34.854234135597],[-93.7716702263998,34.8762945053872],[-93.6517276451146,34.9731155168677],[-93.5594392167464,35.069172104609],[-93.47909378515,35.1463609158237],[-93.2844894875997,35.3699683493599],[-93.1116667700054,35.5360101787268],[-92.8766559329249,35.690091024881],[-92.5912111155005,35.8215449283558],[-92.1100288547478,35.7229882253264],[-91.5682143016487,35.5551927179696],[-91.5183648806347,35.4791550389739],[-91.4154554589023,35.218252720187],[-91.3864793025777,34.825114087745],[-91.4639828765085,34.5227080565316],[-91.7730528840833,33.8781909257707],[-91.7684393619869,33.6520024379622],[-91.6627420419117,33.4777138254328],[-91.3410185731486,33.0987575016575],[-91.244548297266,32.9770882220439],[-91.1499665976803,32.7821331888956],[-91.1686545097977,31.8662276442904],[-91.1363598551231,31.7401966527534],[-90.9543730458793,31.5653504605554],[-90.611173766656,31.4196602890912],[-90.3233997051322,31.3657908985312],[-90.1012042072084,31.4418465639678],[-89.8335569730758,31.6808773705942],[-89.553121379448,31.9289823366656],[-89.357329976797,32.0573515655224],[-89.2651584602946,32.0872540235544],[-89.1542270859112,32.0849967252188],[-88.897614533284,31.9110408618464],[-88.434130930398,31.4286445163314],[-88.3689120956167,31.2942048636636],[-88.3712143600546,31.1812680011174],[-88.4640603680915,30.9523635607299],[-88.6435380688267,30.6875941571447],[-88.7237126292344,30.5223437311783],[-88.7417890023605,30.319033996222],[-88.7875285216239,30.3374251320643],[-88.9946603752761,30.3730832511912],[-89.0664712406552,30.3286387556741],[-89.1598028825969,30.3094382299904],[-89.2465245074999,30.283627687268],[-89.3693359261121,30.2583567377733],[-89.4108486317589,30.191285299577],[-89.4018464180777,30.1389897225977],[-89.4151204114777,30.0618728571467],[-89.3590566751254,30.0810733828304],[-89.2696640637455,30.1483336786564],[-89.1632472860334,30.1911054351678],[-89.1560527096648,30.1493049464662],[-89.1837068625816,30.1046176339967],[-89.1467896925902,30.0771523387095],[-89.1826366693468,29.9254367095366],[-89.1750643777188,29.8814418750426],[-89.204813951003,29.8593095594887],[-89.2240144766867,29.8109979791735],[-89.2498250194091,29.7917974534898],[-89.2690255450928,29.7434768799541],[-89.3636342243399,29.7058852184282],[-89.3570871598445,29.6678618823201],[-89.4895393107905,29.589863681264],[-89.5110870670145,29.4647230185525],[-89.4222700217441,29.4097564550964],[-89.2867961487232,29.4330848689716],[-89.2320544157786,29.3594933459412],[-89.1768270489291,29.3689991799683],[-89.1373018450041,29.3158582402656],[-89.1114823090613,29.296657714582],[-89.1018865428296,29.2837524432208],[-89.2868680944869,29.2360254222355],[-89.4267756251949,29.181031879118],[-89.4619840832988,29.1712292688158],[-89.5401171826618,29.2056193438577],[-89.6089063259661,29.226861330586],[-89.6908525508045,29.2713867650872],[-89.8664901464031,29.2818548737035],[-89.9452347847575,29.226861330586],[-90.0140149348413,29.1831093130444],[-90.1213220413791,29.108150820504],[-90.2282244529961,29.050063609548],[-90.3481310613993,29.0429139992817],[-90.3806145737036,29.0792735896045],[-90.4677229070864,29.0319422703196],[-90.5761631594022,29.0708559352533],[-90.6558430926845,29.0275535787347],[-90.8421286613086,29.0164559446862],[-90.9493728153031,29.1364884581759],[-91.0717975254354,29.1593402313667],[-91.1380505805698,29.1831093130444],[-91.2982737962986,29.2203862118542],[-91.3856159534134,29.3181515114832],[-91.43063601504,29.3583691933836],[-91.4093940283117,29.4081736482953],[-91.364508864992,29.4482744183298],[-91.4769061343106,29.4744267034297],[-91.5206581518522,29.4981957851075],[-91.5669372643432,29.5194377718358],[-91.5881792510715,29.5882179219196],[-91.659666360514,29.6102962781508],[-91.6543513672218,29.6995449980033],[-91.6675803945195,29.7113710829092]],[[-97.631695346463,36.9808339982904],[-97.621272203949,36.9929298798102],[-97.5070672973179,37.0137581783973],[-97.2877766096028,37.0737789317524],[-96.9773576189589,37.2115730556521],[-96.8175301049304,37.3437733964252],[-96.7885539486058,37.4507207741445],[-96.8730182751732,37.5234939141129],[-97.1711525266677,37.5538999924908],[-97.3506751935053,37.5864554505587],[-97.5191811652785,37.6325726850814],[-97.8980835297311,37.7937941482814],[-98.016227466924,37.8239753961477],[-98.1436883805143,37.7528660019645],[-98.1944011506925,37.6392186750019],[-98.1803267606714,37.4641296658515],[-98.1036415698026,37.2552891003118],[-97.9703530493537,37.0941575693164],[-97.8201123083363,37.0000525104151],[-97.631695346463,36.9808339982904]],[[-92.1627111402069,34.6852155502575],[-92.153520068896,34.6985255165395],[-92.0805490780774,34.7489055375606],[-92.0409879012706,34.8573098169945],[-92.0880314375008,34.9693023913923],[-92.1997722017257,35.0320031244447],[-92.337089684941,34.9743206084094],[-92.3805269397664,34.858236118702],[-92.3458760613311,34.7464413951544],[-92.2574906906428,34.6959894283695],[-92.1627111402069,34.6852155502575]],[[-97.2265777443674,32.7046835742876],[-97.2159657442236,32.7165636185163],[-97.1216448480313,32.7385070764405],[-97.063710521823,32.8033481959625],[-97.1282818447313,32.9221666246901],[-97.5300449755951,33.0689719554914],[-97.8226214168449,33.051534101018],[-97.9348927810769,32.9083350516214],[-97.859592546159,32.7697585175416],[-97.6846744081973,32.7157542286748],[-97.2265777443674,32.7046835742876]],[[-89.7770705553618,30.1389897225977],[-89.792475942011,30.1928591131576],[-89.8320910781407,30.1547188651836],[-89.7770705553618,30.1389897225977]],[[-90.0696469966116,30.0489585925651],[-90.059232847318,30.0610544740848],[-89.9900390090929,30.0818827726719],[-89.8409763799559,30.2051798251888],[-89.9955878261172,30.2403073443086],[-90.035050077499,30.2861098161152],[-90.0790898780953,30.3240612064596],[-90.1808931337111,30.3547101017899],[-90.2217943003667,30.3514185831012],[-90.3017800031446,30.2585815682849],[-90.4155892080755,30.1605284856012],[-90.367214675217,30.0738338403595],[-90.0696469966116,30.0489585925651]],[[-89.5069951517048,29.5988389152838],[-89.5146933484193,29.6250271732655],[-89.5346133317398,29.6069597933599],[-89.5069951517048,29.5988389152838]]]},"properties":{"OBJECTID":96,"Id":96,"gridcode":2,"Unixtime":1790600400,"Timestamp":1790600400000,"Shape__Area":747379900503.4004,"Shape__Length":6835171.327939182}},{"type":"Feature","id":97,"geometry":{"type":"Polygon","coordinates":[[[-89.4619840832988,29.1712292688158],[-89.4267756251949,29.181031879118],[-89.2868680944869,29.2360254222355],[-89.1018865428296,29.2837524432208],[-89.0786570543795,29.2501088054771],[-88.9853703785401,29.2261688526106],[-88.9749472360261,29.1796739028284],[-89.0302465486392,29.0995892746254],[-89.0905191121672,29.057968650333],[-89.1157990548824,28.9594748998468],[-89.2190861918742,28.987857503621],[-89.2481972465056,29.0300087279205],[-89.3177508135491,28.9819849306601],[-89.3799119533739,28.8919627938479],[-89.4625956222901,28.9221350484938],[-89.3501264072079,29.0923317457136],[-89.4481974763324,29.1174947765628],[-89.4619840832988,29.1712292688158]]]},"properties":{"OBJECTID":97,"Id":97,"gridcode":1,"Unixtime":1790600400,"Timestamp":1790600400000,"Shape__Area":1467677834.6523438,"Shape__Length":192820.27141264905}},{"type":"Feature","id":98,"geometry":{"type":"Polygon","coordinates":[[[-102.943127323467,28.3159919894388],[-103.333675908416,28.3271435828101],[-103.541931914626,28.3845113361293],[-103.758830405699,28.5057309547199],[-103.948938093019,28.6755949027826],[-104.063988362373,28.8402967423009],[-104.139549400684,28.9793589102855],[-104.212628310148,29.2261328797287],[-104.2343199579,29.5900345524527],[-104.166681946814,29.8807224174057],[-104.024202355055,30.191168387711],[-103.863979139326,30.4119429568021],[-103.684744255543,30.5508432468185],[-103.5504035283,30.5990469084881],[-103.360745502003,30.6103513866073],[-103.073888748967,30.5436037043476],[-102.81318428103,30.4239489061172],[-102.542191568886,30.2340930289702],[-102.319681308246,29.978964357719],[-102.201501398171,29.7614992937575],[-102.123746014067,29.4989152427443],[-102.10739633927,29.2246040322503],[-102.160968953554,28.9943506087936],[-102.260838666771,28.7767506465252],[-102.479113120574,28.5324588059293],[-102.687809794586,28.4034420651992],[-102.932506330103,28.327881026888],[-102.943127323467,28.3159919894388]]]},"properties":{"OBJECTID":98,"Id":98,"gridcode":1,"Unixtime":1790600400,"Timestamp":1790600400000,"Shape__Area":53514031851.41406,"Shape__Length":833426.4231276332}},{"type":"Feature","id":99,"geometry":{"type":"Polygon","coordinates":[[[-97.4966531480243,27.7308391069393],[-97.6421094957566,27.7456689274791],[-97.6132952174003,27.8974924752976],[-97.4909964123545,27.9073220652612],[-97.4416775913477,27.8189187081319],[-97.4966531480243,27.7308391069393]]]},"properties":{"OBJECTID":99,"Id":99,"gridcode":1,"Unixtime":1790600400,"Timestamp":1790600400000,"Shape__Area":373007255.53125,"Shape__Length":74417.99190206114}},{"type":"Feature","id":100,"geometry":{"type":"Polygon","coordinates":[[[-96.5288926942424,28.2484798834399],[-96.6835311200651,28.1575674178022],[-96.9164015706759,27.9744474627803],[-97.01641517542,27.8440097932175],[-97.0590790132858,27.7633945650073],[-97.056857687832,27.7075016998437],[-97.1555582823888,27.6609258110774],[-97.3256020948608,27.2835433008827],[-97.3391099119928,26.9881339951878],[-97.5817200203626,27.0006345716283],[-97.7457473683463,27.0567792469648],[-98.1441290483169,27.2620045378792],[-98.3164571387859,27.3927659633786],[-98.4466250117349,27.6120566510937],[-98.4754482833116,27.9735481407342],[-98.3616660580421,28.1944126420299],[-98.0327839857923,28.4277237604433],[-97.4208133198787,28.8028040062],[-97.0659588269382,28.9749522322598],[-97.0355077824581,28.9121795534437],[-96.9675370222158,28.8901281768739],[-96.9454766524255,28.8671684850376],[-96.8071609217391,28.7764808499114],[-96.7429133547674,28.7096162557856],[-96.6980281914478,28.7105335642727],[-96.5649195354082,28.6030825662075],[-96.5403680435503,28.3270266709442],[-96.5288926942424,28.2484798834399]],[[-97.4966531480243,27.7308391069393],[-97.4416775913477,27.8189187081319],[-97.4909964123545,27.9073220652612],[-97.6132952174003,27.8974924752976],[-97.6421094957566,27.7456689274791],[-97.4966531480243,27.7308391069393]]]},"properties":{"OBJECTID":100,"Id":100,"gridcode":2,"Unixtime":1790600400,"Timestamp":1790600400000,"Shape__Area":31012364771.04883,"Shape__Length":795106.7830940569}},{"type":"Feature","id":101,"geometry":{"type":"Polygon","coordinates":[[[-82.462587578354,27.0556550944071],[-82.4746834598737,27.0660692437007],[-82.576945369733,27.2503583173825],[-82.7858938539181,27.5355423314135],[-82.7907411997465,27.5957969085006],[-82.7805159080826,27.723006011918],[-82.8851969942458,27.8706477122222],[-82.8554564141821,28.0346660669855],[-82.8907548044906,28.229333317079],[-82.8345651630518,28.2606836836052],[-82.7874227013965,28.2568975377912],[-82.7205760937117,28.4389383063578],[-82.7101619444181,28.4735352254704],[-82.6080439260863,28.4631210761768],[-82.4794678531588,28.4279306045138],[-82.4521734290605,28.2913505653764],[-82.5704882374421,28.3573608035583],[-82.6775705134684,28.3487542915774],[-82.7655871621178,28.219359835588],[-82.6919236933237,28.0187660532109],[-82.5796523290916,27.8604314137788],[-82.4742697717325,27.769635860007],[-82.4521734290605,27.6962421878268],[-82.4224958015399,27.6154291087664],[-82.1985646120671,27.5480069349721],[-82.067983050977,27.4930133918546],[-81.855329359962,27.3032024808099],[-81.8675061804658,27.1516667160462],[-82.0472716642558,27.0225780295525],[-82.1277969602614,26.9777198458942],[-82.1683383980985,27.0685783522093],[-82.2141498631256,27.1506864550159],[-82.3473214717085,27.1786014113262],[-82.4413725712871,27.1261259699376],[-82.462587578354,27.0556550944071]]]},"properties":{"OBJECTID":101,"Id":101,"gridcode":1,"Unixtime":1790600400,"Timestamp":1790600400000,"Shape__Area":7445197603.488281,"Shape__Length":572064.4710687537}},{"type":"Feature","id":102,"geometry":{"type":"Polygon","coordinates":[[[-82.3275543731357,26.8531007899696],[-82.3050443423225,26.8531007899696],[-82.3050443423225,26.8080897215635],[-82.3275543731357,26.8080897215635],[-82.3275543731357,26.8531007899696]]]},"properties":{"OBJECTID":102,"Id":102,"gridcode":1,"Unixtime":1790600400,"Timestamp":1790600400000,"Shape__Area":14070356.15625,"Shape__Length":16241.817965983413}},{"type":"Feature","id":103,"geometry":{"type":"Polygon","coordinates":[[[-82.3050443423225,26.8080897215635],[-82.3050443423225,26.8531007899696],[-82.3275543731357,26.8531007899696],[-82.3712973974569,26.8833000242768],[-82.4489718425764,27.0025861004682],[-82.462587578354,27.0556550944071],[-82.4413725712871,27.1261259699376],[-82.3473214717085,27.1786014113262],[-82.2141498631256,27.1506864550159],[-82.1683383980985,27.0685783522093],[-82.1277969602614,26.9777198458942],[-82.0472716642558,27.0225780295525],[-81.8675061804658,27.1516667160462],[-81.855329359962,27.3032024808099],[-82.067983050977,27.4930133918546],[-82.1985646120671,27.5480069349721],[-82.4224958015399,27.6154291087664],[-82.4521734290605,27.6962421878268],[-82.4742697717325,27.769635860007],[-82.5796523290916,27.8604314137788],[-82.6919236933237,28.0187660532109],[-82.7655871621178,28.219359835588],[-82.6775705134684,28.3487542915774],[-82.5704882374421,28.3573608035583],[-82.4521734290605,28.2913505653764],[-82.4794678531588,28.4279306045138],[-82.6080439260863,28.4631210761768],[-82.7101619444181,28.4735352254704],[-82.6851877711986,28.581309979472],[-82.7199645547204,28.6662869196057],[-82.7619628942721,28.7359124324129],[-82.7725748944158,28.8077143045716],[-82.7416831821331,28.9136364551584],[-82.8128825085209,28.9334665062743],[-82.8458606479505,29.1275851699197],[-82.9571427579319,29.1440337701425],[-82.9929357753657,29.116406596887],[-83.0450514879358,29.0488944908881],[-83.1118801091797,29.0954793728748],[-83.1008903937766,29.1698533060853],[-83.1316112348705,29.2449107240507],[-83.2114620393416,29.2775920872052],[-83.2437477007957,29.3564806170869],[-83.3207206747193,29.4158988246711],[-83.350128505626,29.4540030997633],[-83.418539933671,29.4819989950577],[-83.4401596356586,29.6340473733877],[-83.4978691313553,29.6663600145031],[-83.487050287141,29.7005432454745],[-83.4616624257803,29.9196720552213],[-83.4697383377541,30.123341518996],[-83.5561002338387,30.333594020148],[-83.7228255479606,30.3973739396557],[-83.9915519685484,30.3505822135984],[-84.2201146665586,30.2567019852085],[-84.432777350794,30.1264891461573],[-84.8558724005908,29.726434727181],[-84.9674962529497,29.8032458231363],[-85.0841203358847,30.128161885163],[-85.1354716247156,30.2531766427879],[-85.2462231346898,30.3557982814656],[-85.404656699547,30.4059624651957],[-85.595429885181,30.4513962149634],[-86.1737838930122,30.5435317585839],[-86.3061910778559,30.6512885261446],[-86.4320871710861,30.9929499646692],[-86.4569893985419,31.2575664835065],[-86.4062316622613,31.3534881729409],[-86.2752993655732,31.4564515539961],[-85.6983662865748,31.7560157275439],[-85.5589623762126,31.9064633126318],[-85.5320276809327,32.4396533673091],[-85.4846693819864,32.6203631392476],[-85.3025656608765,32.8358586879282],[-85.1163070719138,32.972483693168],[-84.9215408963952,33.0080878529721],[-84.6691281777232,32.9044050142801],[-84.5673429085483,32.8505446169406],[-84.4477960289635,32.8039867146153],[-84.3672257668556,32.8071793078788],[-84.179447323635,32.9221486382492],[-83.6788037338052,33.3060692197188],[-83.5437885150279,33.3488139965688],[-83.4123076318916,33.343606921922],[-83.2740368673075,33.2484586494472],[-83.2095015172811,32.9511337877942],[-83.1645803810796,32.6691693466881],[-83.1985657612009,32.5588225316346],[-83.3994563198533,32.6651223974807],[-83.5861285969571,32.6930013809091],[-83.7659930061723,32.5978261287729],[-83.8289275629566,32.5299003346328],[-83.8736958144103,32.4350398452128],[-83.8684527668816,32.3026686332509],[-83.750704531389,32.1935718758415],[-83.6286215636342,32.1359613055699],[-83.3782503060067,32.1086938611328],[-83.1456856248916,32.2101913472529],[-82.7443451753895,32.1753606044085],[-82.3101165186624,32.1537139227594],[-82.1621060963192,32.2055868183771],[-81.8614447498752,32.5300891922625],[-81.6372797366705,32.7142973269601],[-81.3153853967186,32.891014109014],[-80.9130287133044,33.0332328973804],[-80.8001368168606,33.0929658676807],[-80.5387488641687,33.3240286809789],[-80.3868084044842,33.4488815606356],[-80.204911527445,33.566351006294],[-79.8974782859941,33.6860597638471],[-79.76779604695,33.7546780359627],[-79.5396560303015,34.1164123425556],[-79.4444627917244,34.2405457645755],[-79.358379685474,34.3202976436214],[-79.237636707568,34.3772876816813],[-78.6314486824107,34.4063897430922],[-78.2649839418553,34.8019025857358],[-78.0497312101272,34.9284461908391],[-77.8422306344362,34.9941416663049],[-77.6589667878869,34.9868751441726],[-77.2866024947093,34.8563565356257],[-76.9320177983826,34.6933903876563],[-76.9035902285062,34.6627055194443],[-76.9369191035337,34.6510233260657],[-77.1681348015798,34.595948843964],[-77.5640613323645,34.3821080478482],[-77.8014104067648,34.1621968279214],[-77.9514892698139,33.8055796637706],[-78.0990860040158,33.8836767902517],[-78.1864371543512,33.8871391801292],[-78.2201977039608,33.885808183501],[-78.2559817281742,33.8872201191133],[-78.4686174327483,33.8533516508581],[-78.5348525014417,33.8183050707225],[-78.6952915544616,33.7876741618332],[-78.8795446552616,33.6525330379694],[-78.9431537035805,33.5935914710696],[-79.1155267601518,33.3896162377992],[-79.146877126678,33.2397622052616],[-79.1159674279544,33.1813602315895],[-79.2825218708876,33.0738013148788],[-79.3660149296452,32.9836982390826],[-79.452691588446,32.9871336492986],[-79.5259773419807,32.9639311405098],[-79.5620581424693,32.8874797733729],[-79.6385095096061,32.8513989728844],[-79.7276772904745,32.7830235177212],[-79.8410638140437,32.7163657676661],[-79.8627104956927,32.6704913500958],[-79.9310859508559,32.6263346376335],[-79.9977886670133,32.5804332404018],[-80.0378444709455,32.5820250404233],[-80.1111302244802,32.5588225316346],[-80.1552869369425,32.5354581448776],[-80.2236623921057,32.5138114632285],[-80.306660823738,32.4698885744982],[-80.4043451843827,32.4389608893337],[-80.4012784962056,32.3614303357415],[-80.4282401711469,32.3042964061543],[-80.6215584381713,32.2290141576773],[-80.7070479918713,32.1367527089704],[-80.8313612783003,32.0636648062859],[-80.8277909697774,31.9736336762533],[-80.8880275604235,31.9178217500738],[-80.9204930862869,31.8827751699382],[-80.9886437109384,31.8196427623037],[-81.1022820446806,31.6799960349891],[-81.099889848038,31.6194536748473],[-81.1658191472358,31.4797529882099],[-81.179740652509,31.4668477168487],[-81.3809010077752,31.5629132978105],[-81.5879249427818,31.6220257358991],[-81.7897148234803,31.647125814205],[-81.9437596967525,31.5822127489193],[-82.0130524604026,31.4873522594992],[-82.0899984546649,31.2178973880541],[-82.0613910203792,31.0412075856617],[-81.9293165846926,30.9447283165587],[-81.6996567137862,30.8791497529588],[-81.4398066017932,30.8466842270955],[-81.4048049877599,30.8366747727227],[-81.4319555203309,30.7676068395841],[-81.3662960177469,30.7169210490673],[-81.4140410251731,30.6377537293512],[-81.3890848383945,30.4688790355391],[-81.3467447564653,30.3986869498429],[-81.3605493498726,30.3053103417989],[-81.2894309624689,30.0089477547352],[-81.2363799549709,29.874013474942],[-81.2247607141356,29.7788921821286],[-81.4201024557636,29.7503387071657],[-81.5049534908109,29.8318712438629],[-81.5508728744835,30.0110161954411],[-81.5271217792467,30.2580689547186],[-81.4162803370679,30.4041458346626],[-81.4395547916203,30.4214397976086],[-81.6314791094733,30.4175277467082],[-81.9736441683436,30.4876029205385],[-82.0634864407466,30.4482126149203],[-82.0942432547224,30.039569670404],[-82.5598312711962,29.786923128],[-82.7433109550365,29.6509096617515],[-82.7454783211675,29.5446637552282],[-82.5776198612675,29.3699524613371],[-82.4327390796448,29.2953177247333],[-82.3655057634801,29.2939417620028],[-82.2709150706739,29.3246446166558],[-81.8054079931843,29.5196985752291],[-81.6666515946953,29.5225314396742],[-81.6193472550717,29.4770797034656],[-81.6131149532924,29.171993692555],[-81.6985775273309,28.9958344901697],[-81.784282918322,28.8651090375522],[-82.0464622744144,28.5750327115904],[-82.0455629523683,28.5308670059077],[-82.0898995292398,28.4013376516114],[-81.9376173271779,28.1959055166264],[-81.5364747285258,27.9782336085942],[-81.4220719710445,27.8094488469867],[-81.3720516788418,27.6142779765474],[-81.4925338533546,27.3172408979492],[-81.4604010766483,27.2233786560003],[-81.4630181038024,27.0951443254503],[-81.3712692686617,26.7781153177678],[-81.4028714453609,26.5789064913416],[-81.4639713851712,26.5474302197289],[-81.6590073573037,26.4841449273466],[-81.8659593465466,26.3914967701599],[-81.8999357334473,26.380471081875],[-81.9627263987043,26.4204189671617],[-82.1445962960821,26.3977920244824],[-82.2087269511878,26.4855838426203],[-82.2917163895996,26.7014840862217],[-82.3050443423225,26.8080897215635]],[[-79.5593062170083,32.9522489471313],[-79.5670044137227,32.9784282118925],[-79.5869243970432,32.9603698252074],[-79.5593062170083,32.9522489471313]],[[-83.2503037585116,30.4990872630668],[-83.2400964532886,30.5113809954367],[-83.12359827544,30.5832368269181],[-82.9727010293289,30.7648998802254],[-82.9925400736654,30.959531157437],[-83.1080669837042,31.098071718635],[-83.2982646032288,31.1619685500087],[-83.4513022358095,31.1044658983825],[-83.5642121186943,30.9685423643387],[-83.6206175974241,30.7810876770547],[-83.5447687760581,30.5792438370335],[-83.4617883308667,30.5103108022018],[-83.2503037585116,30.4990872630668]]]},"properties":{"OBJECTID":103,"Id":103,"gridcode":2,"Unixtime":1790600400,"Timestamp":1790600400000,"Shape__Area":259236144155.57227,"Shape__Length":5303409.273826891}},{"type":"Feature","id":104,"geometry":{"type":"Polygon","coordinates":[[[-81.2922728201345,25.6152649325307],[-81.3047733965749,25.6252743869035],[-81.3247923053206,25.6502665465639],[-81.3722944957943,25.6702854553096],[-81.4254444287174,25.7577984836132],[-81.4848176701993,25.782817622935],[-81.6300581806404,25.868190264769],[-81.6784057338375,25.8078097825955],[-81.7692192740502,25.91173543824],[-81.7974130201947,26.0103640870331],[-81.834914749516,26.1079045561504],[-81.8677849703001,26.2968251383695],[-81.8999357334473,26.380471081875],[-81.8659593465466,26.3914967701599],[-81.6590073573037,26.4841449273466],[-81.4639713851712,26.5474302197289],[-81.4028714453609,26.5789064913416],[-81.3712692686617,26.7781153177678],[-81.4630181038024,27.0951443254503],[-81.4604010766483,27.2233786560003],[-81.4925338533546,27.3172408979492],[-81.3720516788418,27.6142779765474],[-81.4220719710445,27.8094488469867],[-81.5364747285258,27.9782336085942],[-81.9376173271779,28.1959055166264],[-82.0898995292398,28.4013376516114],[-82.0455629523683,28.5308670059077],[-82.0464622744144,28.5750327115904],[-81.784282918322,28.8651090375522],[-81.6985775273309,28.9958344901697],[-81.6131149532924,29.171993692555],[-81.6193472550717,29.4770797034656],[-81.6666515946953,29.5225314396742],[-81.8054079931843,29.5196985752291],[-82.2709150706739,29.3246446166558],[-82.3655057634801,29.2939417620028],[-82.4327390796448,29.2953177247333],[-82.5776198612675,29.3699524613371],[-82.7454783211675,29.5446637552282],[-82.7433109550365,29.6509096617515],[-82.5598312711962,29.786923128],[-82.0942432547224,30.039569670404],[-82.0634864407466,30.4482126149203],[-81.9736441683436,30.4876029205385],[-81.6314791094733,30.4175277467082],[-81.4395547916203,30.4214397976086],[-81.4162803370679,30.4041458346626],[-81.5271217792467,30.2580689547186],[-81.5508728744835,30.0110161954411],[-81.5049534908109,29.8318712438629],[-81.4201024557636,29.7503387071657],[-81.2247607141356,29.7788921821286],[-81.1365282281951,29.569233233527],[-80.9717814225745,29.2155748389077],[-80.7210414429082,28.8250532336199],[-80.5639838407816,28.6080198442405],[-80.4938097415263,28.4593349303628],[-80.5608991661635,28.3971737905381],[-80.582905576631,28.2743983448078],[-80.5327413929009,28.0829686540802],[-80.3698831635771,27.7751846770313],[-80.2806344437245,27.5329792635822],[-80.1866462966892,27.3041647553992],[-80.1327858993497,27.2023704930039],[-80.1111302244802,27.1339950378408],[-80.0284195759027,26.9326188452836],[-79.9986070500752,26.6849185741329],[-80.071290257839,26.127473803873],[-80.1131177262021,25.7344430900766],[-80.1377411638236,25.6269471259092],[-80.2234915209169,25.6723179231337],[-80.2453090737547,25.6260927699654],[-80.2686734605117,25.5819360575031],[-80.2795012979465,25.5477438333114],[-80.3145029119797,25.5577532876841],[-80.4635025885735,25.6665982349207],[-80.5952172954418,25.6950977505608],[-80.7329934329006,25.7760817008099],[-80.8950782452648,25.7962445010829],[-81.1004834005884,25.7375907172379],[-81.1302689467544,25.7412959240677],[-81.2700145994941,25.6430629769749],[-81.2922728201345,25.6152649325307]]]},"properties":{"OBJECTID":104,"Id":104,"gridcode":1,"Unixtime":1790600400,"Timestamp":1790600400000,"Shape__Area":81527756509.54297,"Shape__Length":1820599.36695871}},{"type":"Feature","id":105,"geometry":{"type":"Polygon","coordinates":[[[-80.2119801987271,25.5252427957186],[-80.1595227437795,25.5798496303562],[-80.1444680927282,25.5027327649053],[-80.1819158627268,25.5102960633127],[-80.2119801987271,25.5252427957186]]]},"properties":{"OBJECTID":105,"Id":105,"gridcode":1,"Unixtime":1790600400,"Timestamp":1790600400000,"Shape__Area":35707643.91796875,"Shape__Length":26669.837107518513}},{"type":"Feature","id":106,"geometry":{"type":"Polygon","coordinates":[[[-79.2217187073524,25.4577216964991],[-79.2830614641152,25.4748088153746],[-79.3440534852801,25.6299328751022],[-79.3174515391571,25.7798858330648],[-79.2170242462719,25.7947336400455],[-79.2073385478357,25.7291640696662],[-79.2315213176547,25.670078611239],[-79.2990334236535,25.6424514379835],[-79.2794282030491,25.6025665052401],[-79.2315213176547,25.5379412230091],[-79.2217187073524,25.4577216964991]]]},"properties":{"OBJECTID":106,"Id":106,"gridcode":1,"Unixtime":1790600400,"Timestamp":1790600400000,"Shape__Area":358584500.02734375,"Shape__Length":106689.16478940351}},{"type":"Feature","id":107,"geometry":{"type":"Polygon","coordinates":[[[-101.435216062371,32.1645327669737],[-101.491909324156,32.1978616420013],[-101.741093476683,32.3693353765265],[-101.980519985009,32.4676762422649],[-102.276927538175,32.479430381407],[-102.414514818004,32.4144993296804],[-102.561293169144,32.319710786024],[-102.823121789639,32.0771096708747],[-103.036764734905,31.7666457141285],[-103.155610143293,31.4551745166906],[-103.159072533171,31.3679312850009],[-103.123171597091,31.3093044808172],[-103.601305156108,30.9722385779481],[-103.789991914595,30.8957062718271],[-104.073476209959,30.8594635933702],[-104.840696840687,30.8950677531744],[-105.169399048527,30.8658397866769],[-105.894891136317,30.6341294615056],[-106.278442995748,30.5780837115941],[-106.658667363608,30.6142094781849],[-106.996272859705,30.7094296964235],[-107.296808301062,30.8552367797537],[-107.490252473173,30.9820681679117],[-107.917196621327,31.2714700023388],[-108.05973017241,31.3202582233384],[-108.187676719905,31.322866257272],[-108.328240755706,31.2886020873166],[-108.469272438972,31.2201816660511],[-108.8562956815,31.0208019684362],[-109.075811199727,30.9377315910402],[-109.256305134374,30.8706601528439],[-109.457033815058,30.7892445280127],[-109.643382336226,30.7528669512489],[-109.914159211079,30.6333830242072],[-110.254228849582,30.4581950896318],[-110.510346775084,30.3543144000895],[-110.846297518616,30.2854982771238],[-111.169441916211,30.3160932131314],[-111.341500210067,30.3719231257517],[-111.560934789309,30.4783848695662],[-111.74989134441,30.6184542782424],[-111.984551445892,30.8812002072238],[-112.404552827851,31.4939892561993],[-112.533074941455,31.6277544173326],[-112.701634872551,31.7692627412825],[-113.043107453446,31.7970967586086],[-113.166854166986,31.8571354984046],[-113.320818101274,31.9505031132282],[-113.495448456181,31.9116434076172],[-113.63440270552,31.8442302270434],[-114.130423780033,31.5722752403101],[-114.282858866843,31.5200965751969],[-114.387243176731,31.5908552337821],[-114.43270390616,31.6129066103518],[-114.521880680249,31.6588529736858],[-114.578771792884,31.657683855026],[-114.612739186564,31.6583853262219],[-114.657417505813,31.6353626818424],[-114.736315028915,31.6468919904731],[-114.808872331593,31.5272461854632],[-114.842740799848,31.3883009293445],[-115.332952253943,31.4103523059143],[-115.851798121986,31.4545270048175],[-116.671548153425,31.4788626593843],[-116.706711645426,31.5471212026815],[-116.704463340311,31.6571802346801],[-116.790150744861,31.7700991107854],[-116.739357035699,31.7711333311384],[-116.638300217381,31.7690738836529],[-116.660360587171,31.815919569033],[-116.753899073184,31.8852572987854],[-116.79539379239,31.9284427434379],[-116.905308932861,32.00050541899],[-116.941911340136,32.2095438353798],[-116.920723312731,32.3488038542146],[-117.013407442799,32.6024486440897],[-117.166966682167,32.5696413758489],[-117.181337848463,32.65222611934],[-117.268644032696,32.6413713022439],[-117.289508304165,32.7846962567269],[-117.315085023155,32.8282054573161],[-117.289274480433,32.8953488412761],[-117.302008880605,32.9972600155374],[-117.201563601279,33.1523750820445],[-117.240738069606,33.2643136971195],[-117.334933060712,33.3971525565453],[-117.292305195728,33.4786131474789],[-117.219325211689,33.53036013801],[-116.89728698021,33.5044866427444],[-116.863976091623,33.6201484510902],[-116.992120489969,33.7205937304164],[-117.135562356318,33.8104360028194],[-117.214028204838,33.9862894357089],[-117.253067774858,34.0315972803903],[-117.336713718363,34.0909075693289],[-117.548351175466,34.2229999914565],[-117.649461953107,34.1124823052143],[-117.695030601181,33.9460088012652],[-117.651692271781,33.8629024509874],[-117.520076490338,33.7684016903858],[-117.459363259007,33.4486657233446],[-117.549574253449,33.3348475251932],[-117.606474359304,33.3679785493707],[-117.672727414439,33.4142576618617],[-117.71900652693,33.4354906553695],[-117.83027065047,33.5267898294871],[-118.034084005772,33.6380539530276],[-118.074031891059,33.682759251938],[-118.168487685558,33.6883890079465],[-118.313485379047,33.6797465230837],[-118.443203590973,33.7296139305386],[-118.434237350174,33.880070508847],[-118.559854653569,34.0206525310895],[-118.731778049118,33.9994105443612],[-118.812348311226,33.9705063338004],[-118.865543210251,33.9994105443612],[-118.970476106587,34.0238271379122],[-119.090607545502,34.0669316435806],[-119.185584946788,34.0962585355031],[-119.264860185149,34.167089139852],[-119.32185921643,34.2567155749639],[-119.548344480513,34.3797877969693],[-119.620137359452,34.3840685699087],[-119.72141001506,34.3780341189795],[-119.800181633076,34.38272858006],[-119.872990745926,34.3783848545775],[-120.063925809528,34.4468952080475],[-120.484736581328,34.4218131161824],[-120.537805575267,34.5052612088378],[-120.687272899325,34.5514144162424],[-120.639267088505,34.6852155502575],[-120.667361909225,34.7635375072502],[-120.662334698987,34.8478489490698],[-120.696904638438,34.9114490041683],[-120.653098661574,35.1164674510121],[-120.833439711473,35.158429817682],[-120.917760146514,35.2337660254818],[-120.906914322638,35.4157438415052],[-121.028061995465,35.4439285944292],[-121.108065684684,35.5154067106512],[-121.190983177332,35.6082077525858],[-121.313812582385,35.6461411564893],[-121.369318739069,35.7670819852455],[-121.49797575098,35.8820333291749],[-121.525647890338,35.9716327846254],[-121.61820611532,36.0141077648615],[-121.645680403827,36.1030956813207],[-121.554174385639,36.1848620417499],[-121.416299322755,36.4888598729848],[-121.467389808193,36.6543081498013],[-121.514936964769,36.7578920630683],[-121.561620772181,36.8101426739453],[-121.707814563991,36.8413761286055],[-121.79133460241,36.8114107180303],[-121.825733670672,36.8007897246661],[-121.901861281873,36.9451039333999],[-122.068334785822,36.9122067329544],[-122.162736620998,36.9486202826],[-122.185831211141,36.9808339982904],[-122.086411158948,36.9929838391329],[-122.018476371587,37.0846067691871],[-122.054817975469,37.1660853465616],[-122.159121346373,37.1814997264313],[-122.23713753387,37.1212811222261],[-122.25334331714,37.0258450666965],[-122.276707703897,37.0475007415661],[-122.309209202643,37.082574301363],[-122.33570323012,37.0815220945691],[-122.399204359793,37.1500594277005],[-122.443154228185,37.1907807299468],[-122.445537431607,37.2509094019474],[-122.4410947807,37.3631447932976],[-122.489226496605,37.4651458997636],[-122.538635249817,37.5109213919088],[-122.531170876834,37.6994282859867],[-122.568843477345,37.8184175859029],[-122.667031458335,37.8703804137252],[-122.732349218542,37.8677903662325],[-122.794348480398,37.9252300653153],[-122.846751976023,37.981788428793],[-122.894766780063,37.9836949915307],[-123.067796341728,37.9768331643191],[-122.985220591457,38.1328925189746],[-123.02938629714,38.2753990903958],[-123.090144494573,38.2729889073123],[-123.128509573058,38.3941545665801],[-123.164410509138,38.4329063535454],[-123.349014345536,38.5414365380659],[-123.48982119829,38.6934039774117],[-123.771560808884,38.9149519634624],[-123.77382710044,38.972229784577],[-123.727925703209,39.0147587241359],[-123.749572384858,39.1080903660776],[-123.810987087384,39.1973480791506],[-123.862104552483,39.392402037724],[-123.840448877614,39.4681879065467],[-123.808028317853,39.560710158647],[-123.83959452167,39.6932522417976],[-123.862958908427,39.7148989234466],[-123.884605590076,39.8057754162025],[-123.919652170211,39.8382499352863],[-124.006247890028,39.9317074823146],[-124.10913932532,40.027044612419],[-124.13217096292,40.0758508198595],[-124.17804538049,40.0974975015085],[-124.244703130545,40.1433719190789],[-124.375392610281,40.2277642998826],[-124.402246366576,40.3684272611093],[-124.453156987605,40.4424144858399],[-124.375149793328,40.6077188711291],[-124.268067517302,40.7735358699845],[-124.179826038141,40.9017791937549],[-124.14975270892,41.0165416800546],[-124.201508692672,41.0644935315513],[-124.199674075698,41.1107006982787],[-124.200582390965,41.1335884443513],[-124.144131946132,41.2156335946148],[-124.096279020061,41.4443221977113],[-124.174609970274,41.6917256925867],[-124.199692062139,41.7187952861736],[-124.289057693857,41.7470879577431],[-124.290604527777,41.7862534328497],[-124.24577332378,41.8709785628105],[-124.243129316964,41.9378341637158],[-124.272627080076,42.000337045918],[-124.378351379812,42.0686135756561],[-124.403325553032,42.1734295601262],[-124.448147763808,42.2581456968665],[-124.447230455321,42.2812672666711],[-124.470702760724,42.4386756043957],[-124.426069407577,42.6090341795838],[-124.493131852553,42.6406903156056],[-124.514778534202,42.6865557399555],[-124.538142920959,42.7307124524178],[-124.559789602608,42.7765778767677],[-124.596877643788,42.8466620438184],[-124.501234744188,42.9856522660393],[-124.47062182174,43.114174379644],[-124.425907529609,43.2417522051003],[-124.424738410949,43.2712859410934],[-124.427283492339,43.3356414267105],[-124.403109715741,43.3617397524877],[-124.316513995924,43.441968272218],[-124.269668310544,43.5756255147058],[-124.245566479709,43.6768262245507],[-124.20810971649,43.7836836700654],[-124.177164044885,43.9912292118587],[-124.178072360151,44.0142338697973],[-124.145399990217,44.2333626795441],[-124.109642945665,44.5764450469015],[-124.110991928734,44.6103944541408],[-124.109651938886,44.6441550037505],[-124.110991928734,44.6779155533602],[-124.10876161006,44.7341771405627],[-124.111360650773,44.7997557041625],[-124.06562113151,44.930247333048],[-124.043012175272,45.0722053180211],[-124.018011022391,45.1435215562749],[-124.020520130899,45.2068068486572],[-124.017120693565,45.2924942532073],[-124.043237005783,45.3418490470959],[-124.017948069847,45.3896210341834],[-124.021365493623,45.4756861539929],[-123.996274408537,45.5230894190415],[-123.998010100086,45.5669043891264],[-123.992128533905,45.7154094385948],[-124.02053811734,45.769089971525],[-124.017399483399,45.8482303115797],[-124.021374486843,45.9486665976854],[-123.956236591046,46.0433292362553],[-124.025232578421,46.1895230280654],[-124.116019138972,46.2323667303404],[-124.088023243678,46.6701297227086],[-124.064110270473,46.6922890179239],[-124.133034312084,46.7367964659842],[-124.154680993733,46.8501829895534],[-124.200546418083,46.9168407396085],[-124.232166581223,47.1810345770842],[-124.267213161358,47.2552915984286],[-124.329581145254,47.3130820331094],[-124.373135311945,47.3953969799867],[-124.417624773564,47.6284203153454],[-124.447293407864,47.6604361801856],[-124.537279571795,47.6568658716627],[-124.515632890146,47.6829102381171],[-124.44954171298,47.714098726675],[-124.604800671014,47.8404534741486],[-124.673176126177,47.8846011933904],[-124.702044363856,47.945764085744],[-124.773099798717,47.9792998048422],[-124.72611921503,48.0680808772308],[-124.796221368521,48.1699560786102],[-124.739806896571,48.2222246759281],[-124.740724205058,48.2454721508192],[-124.717134987789,48.3127864059679],[-124.784853937859,48.41119921747],[-124.582299633421,48.4031053190553],[-124.28345491751,48.2890712836129],[-124.227139370985,48.2913016022872],[-124.109669925327,48.2455620830238],[-123.978216021852,48.1915667873774],[-123.592460823408,48.1762783125941],[-123.54721593127,48.1780679634658],[-123.258794357873,48.140458315499],[-123.10433579646,48.2221976962667],[-123.074388372325,48.2005510146177],[-123.042777202406,48.1335605154055],[-122.985994008417,48.1313122102903],[-122.938581750148,48.1563943021554],[-122.859693220266,48.1532736546555],[-122.758564456185,48.1773574990494],[-122.814394368805,48.2290865031397],[-122.760165249427,48.3130741890227],[-122.697590421461,48.4040136343219],[-122.759868473151,48.471237957266],[-122.802649222883,48.380595288242],[-122.917699492238,48.4022419698911],[-122.984366235513,48.4256063566481],[-123.139373383375,48.46253251986],[-123.209421577544,48.5381385242736],[-123.221103770922,48.5489663617083],[-123.306485405977,48.6480536647449],[-123.455727899523,48.6600506208396],[-123.462005167405,48.5819445011379],[-123.446168106173,48.3914231256768],[-123.515146107107,48.2941884260551],[-123.57414163333,48.2678652697665],[-123.749779228928,48.3128763381725],[-123.885486925681,48.3459534030272],[-124.227094404883,48.4335024042127],[-124.334932111428,48.4704195742041],[-124.445206980718,48.5062035984174],[-124.674713966876,48.5510078227529],[-124.931119675433,48.6619391971363],[-125.100587921795,48.6950252552114],[-125.172155970222,48.7195227877465],[-125.30269256521,48.8080070838599],[-125.382174647642,48.8465700131956],[-125.528206561484,48.8750785220562],[-125.700552638394,48.9795887370307],[-125.730311204898,49.0105613882975],[-125.786033198873,49.0640980297004],[-125.890048786722,49.2393309303782],[-125.990251249096,49.5945991114599],[-126.050892534663,49.8433515894044],[-126.045298751536,50.1177077660007],[-125.997679649196,50.3034987074994],[-125.900453942795,50.4922304320888],[-125.658572285283,50.7246242420152],[-125.476729367566,50.8128477347353],[-125.206555038484,50.8655929727376],[-124.893051373222,50.829979819713],[-124.710965638553,50.8336940197633],[-124.43472088566,50.8808184949776],[-124.252059584882,50.9276282074759],[-123.970400913271,51.0727248263897],[-123.763610801997,51.2463209609436],[-123.674218190617,51.3393558266102],[-123.585527050433,51.4746318487809],[-123.502654523887,51.7421711642679],[-123.548798738071,52.1483589595984],[-123.74688341194,53.0289661138951],[-124.123249688222,53.108969803114],[-124.320165243431,53.1594307631193],[-124.869093433915,53.389450362844],[-125.108079274439,53.421304349716],[-125.460235801241,53.37629328131],[-125.733377893075,53.3520025928454],[-125.932640678824,53.3560675284937],[-126.289437707384,53.4016721494502],[-126.821404684079,53.4995453677246],[-127.193238377249,53.6018162708044],[-127.234652157471,53.600970908081],[-127.954091807891,53.2559639915451],[-128.168148441297,53.1715356378595],[-128.504737703482,53.106667538676],[-128.812854429688,53.1592239190487],[-129.04437589723,53.2531311270999],[-129.317742819575,53.4972790761685],[-129.46910771315,53.764260811987],[-129.514028849352,53.9027024477598],[-129.561324195755,54.1449618205317],[-129.555712426187,54.4199475225602],[-129.507445811975,54.6555968782934],[-129.392278630754,54.9217872107113],[-129.238557513418,55.1355200881816],[-129.00533632721,55.3204296940752],[-128.780002195345,55.4297512819962],[-128.566215358552,55.4991249846304],[-128.070940721337,55.6043906301236],[-127.505662856056,55.7265095707602],[-127.020766395253,55.7166080350329],[-126.776753344491,55.645993267975],[-126.492747442341,55.4673339503016],[-126.292621307427,55.2149122384092],[-125.82033334171,55.1322195762725],[-125.513574591794,55.0608403854755],[-125.078086884202,54.8841955491853],[-124.951732136729,54.8343641146123],[-124.729905360844,54.7946230733962],[-124.267860673231,54.8621441726156],[-123.898059447885,54.8841955491853],[-123.292375043074,54.8222952127539],[-122.960821984347,54.9707193232383],[-122.62437661369,55.0527374938404],[-122.139974780012,55.0958150198473],[-121.992252140724,55.1557368477774],[-121.921511468579,55.3015529243281],[-121.932752994155,55.8521898266992],[-121.926664583903,56.1504230036188],[-121.877885356124,56.3885634814196],[-121.762349452865,56.6555991765608],[-121.602171203238,56.8540255928069],[-121.537033307441,56.9166094139933],[-121.356296555841,57.0505904124177],[-121.221668045544,57.1158991794037],[-121.034447181992,57.1766573768366],[-120.661597254909,57.2023240280316],[-120.386917322376,57.146062440829],[-120.075167335104,57.0196177611509],[-119.438303434956,56.6189787828446],[-119.167175824505,56.4874439403856],[-118.629237349424,56.2984334259619],[-118.391375661458,56.201954156859],[-118.124447884962,56.064447816014],[-117.741102869602,55.7844438969684],[-117.580007311488,55.6701670445735],[-117.442770767257,55.6256326168519],[-117.354745125387,55.627431260944],[-117.208335496286,55.6775414853514],[-116.87483990194,55.9651626621272],[-116.698168085988,56.105241064024],[-116.474012066004,56.2383047539613],[-116.226563605026,56.3358991824014],[-115.922817583964,56.3783022168739],[-115.64010670556,56.346196419829],[-115.433649343442,56.2755276934484],[-115.247084984984,56.1794171463843],[-115.011642473321,55.9817731403182],[-114.808107907854,55.7072101196514],[-114.616867074756,55.3850459830857],[-114.497742876532,55.21941784186],[-114.348698233836,55.1216975083334],[-114.191586672387,55.0833953823911],[-113.998070554512,55.0873523993938],[-113.708632747203,55.1367161865029],[-113.250509103712,55.254122679618],[-112.957420048896,55.3853337661405],[-112.764101781872,55.586539087509],[-112.691535485974,55.8101645074861],[-112.699908174223,56.220264353717],[-112.762456022527,56.6482966815467],[-112.794948528052,57.0468042666037],[-112.760900195388,57.4800526623006],[-112.591548860891,58.2079099670714],[-112.564704097816,58.6263914947717],[-112.610722406914,58.8962240814762],[-112.678153573928,59.0271024188417],[-112.779048514277,59.0760525178096],[-113.329685416649,59.0648109922336],[-113.629231603755,59.0709263821469],[-113.905287499019,59.1416760475117],[-114.144561122598,59.2649371271468],[-114.353167864405,59.440062109179],[-114.526674066755,59.6846417328298],[-114.634143051261,60.0158170762971],[-112.459915093007,60.0380932833784],[-112.374938152873,59.8094046802818],[-112.308208457055,59.7109469026775],[-112.172833509459,59.6559353731191],[-111.594155745691,59.7546449608963],[-111.113504084946,59.7448333573736],[-110.765844168374,59.6258350642369],[-110.489104788355,59.4268061022199],[-110.283933456764,59.1500307493197],[-110.172381550168,58.8498100706783],[-110.128845369918,58.5379341783197],[-110.143486332828,57.8203381380946],[-110.107387545898,57.6086826945508],[-109.973775269513,57.3102156938992],[-109.823714392905,57.1124547759672],[-109.67859079433,56.9730238859437],[-109.545715962022,56.8859065593403],[-109.311622433429,56.8288445755168],[-108.851196525499,56.8876872169915],[-108.609117017137,56.9139923868393],[-108.342926684719,56.908560481681],[-108.015960168427,56.8527935216038],[-107.545848562061,56.7071932823442],[-107.365912207083,56.6564445392842],[-106.802693789287,56.572609738149],[-106.547502165493,56.515206011948],[-106.258145297168,56.3900023966933],[-106.028521399143,56.2157677434866],[-105.849808122147,55.9997326015784],[-105.739955934219,55.773310290038],[-105.658729167017,55.5230019849537],[-105.630643339518,54.8059545311768],[-105.586450654174,54.6335005356213],[-105.483613178206,54.4818028928893],[-105.023753843165,54.0399749648728],[-104.878072664921,53.8562164911982],[-104.730332039192,53.551706046397],[-104.677829618142,53.3363364028028],[-104.688270747097,52.8250628263884],[-104.818996199715,52.3149763550748],[-104.847153972977,52.1707340921047],[-104.844590905146,52.0451257819294],[-104.796953816365,51.9059556952992],[-104.649716810982,51.764501330672],[-104.349532105222,51.5987652708007],[-104.12210255299,51.4677790147898],[-103.800873711353,51.2084684960243],[-103.312119158972,50.5920102131009],[-103.112478657964,50.4337295329917],[-102.570430281133,50.1707497802782],[-102.39861480423,50.0822385045034],[-102.16341510952,49.9396150212163],[-101.737882896978,49.6167224337934],[-101.041591796025,49.0101117272745],[-100.859038413892,48.8806093526396],[-100.771516392368,48.7625463544308],[-100.520335744899,48.456794845206],[-99.9689434120088,47.7129655808969],[-99.7935486333627,47.4175023158792],[-99.679019970795,47.1092596845868],[-99.6462127025541,46.7987867346202],[-99.6940386489644,46.5184051003152],[-99.8106447454586,46.2488962695473],[-99.9806795647101,46.038248066695],[-100.169402296079,45.8774852577385],[-100.395213068628,45.743441306771],[-100.625124749707,45.6527626648652],[-100.931316926735,45.5781189350409],[-101.616726230931,45.5036460764054],[-101.771832304217,45.4505590960255],[-101.828849321939,45.3660498033558],[-101.370617759802,44.883401647668],[-101.243993215714,44.9486294756699],[-100.984988466445,45.172021071915],[-100.734779086785,45.3703845356179],[-100.514076463458,45.4420065433674],[-100.314355023465,45.407940224262],[-100.166632384177,45.3573713456112],[-99.9291394182495,45.2350365676836],[-99.6851083810469,45.0442633820495],[-99.5076361684743,44.7735674461808],[-99.4371832793848,44.5564621110377],[-99.4442069845646,44.2122915640045],[-99.5397059926374,43.9768490523419],[-99.6943713981215,43.7852484904256],[-99.9141836926233,43.6223093221176],[-100.126270810749,43.5386543853917],[-100.307196419979,43.4945426390316],[-100.706216618602,43.4457903909139],[-100.910056953566,43.3935487732573],[-101.055819070793,43.1479978817969],[-101.24878660222,42.9286352483181],[-101.512449839688,42.7557765578419],[-101.848310651016,42.6344760002673],[-102.576266881212,42.508615879919],[-102.833050305027,42.4343048992518],[-103.185557567428,42.3008994669369],[-103.437430692872,42.1481586106315],[-103.546734294352,42.0007057679569],[-103.586808084725,41.7954265177197],[-103.582985966029,41.6079538439948],[-103.525672172033,41.1033982032645],[-103.412186723039,40.0477649923606],[-103.427520163924,39.2962645109985],[-103.506597551436,38.6775759094008],[-103.587581501685,38.2373847475081],[-103.703414181219,37.8989968412313],[-103.892793417682,37.597939793087],[-104.13224690567,37.36787522726],[-104.392186949868,37.1974536995287],[-104.847945376378,36.9963562968057],[-104.732130683284,36.8122650739741],[-104.631487553108,36.6347389020788],[-104.516230439683,36.3245627283872],[-104.483450151104,36.056294962043],[-104.486660730808,35.8989855497434],[-104.563588738629,35.5988368168657],[-104.705528737161,35.3647792611541],[-105.046551657033,35.0371292601073],[-105.160702604342,34.7477094392393],[-105.47900864933,34.0812398573336],[-105.54536962311,33.876734024056],[-105.542293941712,33.7261785203225],[-105.49618570041,33.6366600038562],[-105.350765325559,33.5413228737517],[-104.974758778095,33.5489940908047],[-104.466776720369,33.6632619499791],[-103.964640255943,33.7919459415521],[-103.336041125398,34.0071087410756],[-103.082648145695,34.1376453360635],[-102.973956083207,34.2507710562393],[-102.907496184002,34.4556006454535],[-102.843968074667,34.8458164812457],[-102.791933301081,35.0771400979373],[-102.682773591128,35.3294359047433],[-102.650550882217,35.3603995627897],[-102.679572004644,35.0597112366843],[-102.635846966764,34.648082542975],[-102.285066402692,34.5514593823447],[-101.814055474281,34.5072577037801],[-101.470100764539,34.5277532532102],[-101.194611442164,34.5696616605572],[-100.950661343946,34.6217863663478],[-100.886045054935,34.8995150006169],[-100.8517898782,35.1556329261187],[-100.866538759756,35.4029824616713],[-100.956515930466,35.6537494209991],[-101.068724342155,35.8143953180896],[-101.188918733613,35.9217833636114],[-101.210160720341,35.9455524452892],[-101.02999054163,35.8975826073515],[-100.717557069603,35.7854821143082],[-100.507412487097,35.7205870354634],[-100.39584259406,35.7606248529546],[-100.297645619849,35.9150294550454],[-100.186768204789,36.3175390232074],[-100.10735806812,36.5757253894152],[-100.095675874742,36.564906545201],[-100.028793294175,36.451133313152],[-99.8906214550161,35.9209829669905],[-99.8185407930231,35.7153170082734],[-99.5546707114841,35.2604039444865],[-99.4748828595563,35.0913403930448],[-99.3767668243294,34.6393411326872],[-99.2998388165081,34.3765682240444],[-99.1784483267288,34.147160163311],[-98.9931879852373,33.9279324281391],[-98.6496469636364,33.621218644325],[-98.4883085885705,33.4470919097639],[-98.404293923026,33.2690621175228],[-98.3582846071488,33.0759147216871],[-98.2959436029148,32.5345318431701],[-98.2253108494161,32.5373377279538],[-97.9759917985826,32.2682425853271],[-97.7189295849324,32.1235416681135],[-97.4309037132357,32.0636827927268],[-97.2103180017743,32.1098360001314],[-96.9346308285498,32.3212486267228],[-96.6293109939072,32.4337538146869],[-96.5218689890625,32.4905999612193],[-96.3039272844166,32.657729970262],[-95.9956666666833,33.0497264637054],[-95.8807423024153,33.077101826788],[-95.8131942235345,33.0744218470907],[-95.6811557607297,33.004553517331],[-95.6403355330584,32.9180567229395],[-95.5499176945459,32.7703880429739],[-95.4362613743628,32.5295585922553],[-95.2975949080785,32.091579762596],[-95.256343005825,31.8755176410264],[-95.2118625374261,31.7486053138842],[-95.1902068625566,31.6802208655006],[-95.1646031639048,31.6564967499252],[-95.0690591897298,31.4540503641331],[-94.8963803636628,31.3525348915721],[-94.897711360291,31.3190261521353],[-94.7555645176883,31.2740150837292],[-94.398722523026,31.0852024201557],[-93.9473707745416,31.1909896724355],[-93.7733429654054,31.236594293392],[-93.243291544669,31.2929997721218],[-92.8726269701585,31.2500661376422],[-92.5119898364617,31.1400790514072],[-92.2268597817535,31.0635737249475],[-92.0603503049226,30.9951802833435],[-91.8743615125737,30.7944426094389],[-91.7369900700356,30.5607717622071],[-91.6390808788794,30.2515308834436],[-91.6117414886787,29.9832091577765],[-91.6567525570848,29.7680643446938],[-91.6675803945195,29.7113710829092],[-91.7466937549128,29.7236468288382],[-91.8697569836978,29.6784469028024],[-91.9100376181415,29.7024408149917],[-91.9012512417514,29.811807369015],[-91.9497426864758,29.7909790704278],[-91.9930810158761,29.7667963006089],[-92.0850996476306,29.7257422492055],[-92.0821318848785,29.6888610520959],[-92.0850726679692,29.652303610923],[-92.0276779349887,29.6569171330194],[-91.9714073545657,29.6523935431276],[-91.8468962172865,29.6624029975004],[-91.7351014937389,29.5988389152838],[-91.7921994504442,29.4984026291781],[-91.8026135997378,29.4638057100656],[-91.825123630551,29.4638057100656],[-91.825123630551,29.4412956792523],[-92.0873569459662,29.5646556843125],[-92.1743933335854,29.5430090026634],[-92.302816521765,29.4979889410369],[-92.6755945030838,29.5690353826769],[-92.992461632798,29.6899492317717],[-93.2531750939553,29.758270727612],[-93.3229714779513,29.7213355711797],[-93.6141090039273,29.7328738730309],[-93.7885684876455,29.6913162012817],[-93.8185788643231,29.6277251394038],[-93.9735590325233,29.6601456991648],[-94.1034121427561,29.6292180140002],[-94.6716038114667,29.4099273262852],[-94.6726020589378,29.3846653700109],[-94.6438147602429,29.3302563862233],[-94.7806825824352,29.2656580836537],[-95.0457577555159,29.1020264373703],[-95.257727961776,28.9353370961302],[-95.2936199046349,28.8966032956057],[-95.3693967802371,28.8444606033742],[-95.4748153104782,28.8110867622444],[-95.785800874011,28.6465288142534],[-96.2076908322661,28.4726359034243],[-96.4271883640517,28.3043097960603],[-96.5288926942424,28.2484798834399],[-96.5403680435503,28.3270266709442],[-96.5649195354082,28.6030825662075],[-96.6980281914478,28.7105335642727],[-96.7429133547674,28.7096162557856],[-96.8071609217391,28.7764808499114],[-96.9454766524255,28.8671684850376],[-96.9675370222158,28.8901281768739],[-97.0355077824581,28.9121795534437],[-97.0659588269382,28.9749522322598],[-97.4208133198787,28.8028040062],[-98.0327839857923,28.4277237604433],[-98.3616660580421,28.1944126420299],[-98.4754482833116,27.9735481407342],[-98.4466250117349,27.6120566510937],[-98.3164571387859,27.3927659633786],[-98.1441290483169,27.2620045378792],[-97.7457473683463,27.0567792469648],[-97.5817200203626,27.0006345716283],[-97.3391099119928,26.9881339951878],[-97.3254042440106,26.8059853079757],[-97.2191583374872,26.4955753105522],[-97.1502882551987,26.2268488899644],[-97.103019888457,25.9034257025342],[-97.156988204442,25.6495740685885],[-97.3934199703553,25.2512823208226],[-97.7271673748744,25.154695133074],[-98.203565242342,25.1449734617559],[-98.4700433578146,25.1969992421214],[-98.7908225384293,25.3235158675633],[-99.0993979188788,25.5522674232031],[-99.2933007452331,25.7693727583462],[-99.5469545283287,26.0893065762376],[-99.694596228633,26.242982727471],[-100.134715444762,26.6323532005398],[-100.321414701527,26.8488200170302],[-100.449936815132,27.0719777895434],[-100.534589999329,27.3193183318756],[-100.571731999832,27.5853737659866],[-100.735282707131,27.7555884496473],[-101.038929802768,28.0473375146147],[-101.195330899801,28.2534531343547],[-101.283302582348,28.424225397684],[-101.333637637267,28.5712825386583],[-101.341200935675,28.9417672487596],[-101.205673103331,29.2211056694911],[-100.956614855891,29.4402074995765],[-100.697727018487,29.5522180604152],[-100.453534103316,29.602238352618],[-99.886736383777,29.6369072174942],[-99.7665060194372,29.6952372454026],[-99.6142507970366,30.1644405365016],[-99.4895687885687,30.4214397976086],[-99.2438560191399,30.8984132311858],[-99.0948023832233,31.2658672259918],[-99.0160397584281,31.6504263261142],[-99.0385407960209,32.0259472396734],[-99.1065115562632,32.5577163655179],[-99.1716044859582,33.1568267261725],[-99.2350876291907,33.4460127233086],[-99.4034766890979,33.7931060669915],[-99.8783007429848,34.6107786645039],[-99.9787370290906,34.7153158591397],[-100.083004427113,34.7859935787408],[-100.161371350208,34.7875943719828],[-100.263057693957,34.7209276287071],[-100.584439420343,34.3016546976063],[-100.732395883363,34.1476637836567],[-100.92906862162,33.9764868254068],[-100.919212051995,33.4937577307348],[-100.986922008844,33.2536837105349],[-101.107997735907,33.0041398291899],[-101.351444213779,32.6171435663226],[-101.400034583929,32.4751765881291],[-101.424190374086,32.3335513523131],[-101.435216062371,32.1645327669737]],[[-122.793494124454,52.4425182076492],[-122.78287313109,52.4543982518779],[-122.691582950193,52.4756402386062],[-122.473074672658,52.5341681173648],[-122.12782493917,52.690749078807],[-121.87409021709,52.8475998368631],[-121.692975750231,53.0503070260485],[-121.771360659767,53.1945672754595],[-121.834421121637,53.3987673392414],[-121.903084359855,53.4302885769563],[-122.127995810358,53.4659107232014],[-122.502221700171,53.416151234392],[-122.773394276724,53.343521985951],[-123.023306880108,53.2335259064955],[-123.222857448912,53.0941309893537],[-123.352872437113,52.8897060950603],[-123.222407787889,52.7306969640937],[-123.175840892343,52.629226457635],[-123.142970671559,52.4531392010134],[-122.793494124454,52.4425182076492]],[[-118.269769334387,51.0921501825849],[-118.216502489598,51.1799959600456],[-118.173442950032,51.3566138166744],[-118.215081560765,51.5598965719693],[-118.291146219422,51.7075562587145],[-118.574729440211,51.9800148657935],[-118.673241177139,52.082555565487],[-118.808112504389,52.2644884154081],[-118.914340424471,52.4834553471866],[-118.985260961025,52.7743500562102],[-118.978048398215,53.1274508711609],[-118.865956898392,53.6463686849669],[-118.843896528602,53.8417463994768],[-119.324665101213,53.9355996482053],[-119.653205431086,54.0120420221217],[-119.98685391018,54.1262469287528],[-120.533920504028,54.3711413151197],[-120.846992494708,54.487477615],[-121.081976352127,54.5257257816196],[-121.165325519357,54.5240260629525],[-121.297957534712,54.4786282860666],[-121.346368040453,54.3294307586227],[-121.340369562405,54.0352805037923],[-121.2696019106,53.6204232439376],[-121.16967823806,53.2305131776411],[-120.997197262843,52.7265960555636],[-120.864043640701,52.3983345155256],[-120.709090452163,52.1697448378541],[-120.568589368904,52.0655853584776],[-120.411882502376,51.9895566727023],[-119.793931344856,51.7974614836606],[-119.054688622982,51.5320085953205],[-118.646207556434,51.3425664063147],[-118.326255752101,51.1256859016831],[-118.269769334387,51.0921501825849]],[[-109.244829785066,50.5970194368976],[-109.233804096782,50.6084947862055],[-109.130058305546,50.6765105125502],[-108.751048022448,51.0709981280612],[-108.652086624498,51.1660744547723],[-108.193531306425,51.5651665991593],[-108.01211107007,51.8098991075578],[-107.785814663616,52.5072693949667],[-107.715343788085,52.6810004278275],[-107.623172271583,52.8599115556738],[-107.293588728137,53.4034078409991],[-107.204654771001,53.5867166536507],[-107.158060895794,53.7302844250862],[-107.163978434857,54.0201449137568],[-107.303391338439,54.1928417262648],[-107.575553169243,54.371285206647],[-107.859909806992,54.4635556485744],[-108.182622530006,54.5015969711234],[-108.499894354641,54.4552369196482],[-108.697709231895,54.3875269627992],[-108.872051803748,54.2693470527244],[-109.182192004557,53.8781689423429],[-109.427805848561,53.6090198403934],[-109.735167144248,53.3949092476637],[-110.088825538867,53.2554154050969],[-110.917676709413,53.0533557277847],[-111.180989211283,52.9771561708207],[-111.493017988389,52.8703526846287],[-111.848475027101,52.6872417228273],[-112.125897891874,52.4431926991838],[-112.302191992566,52.1946830381917],[-112.416513811063,51.8869979865679],[-112.451722269167,51.537053791999],[-112.046613660292,51.5087341407681],[-111.832619979428,51.4844344590831],[-111.533694324533,51.4078212139779],[-111.069958911475,51.1887913296562],[-110.737560490025,51.1955722178836],[-110.449471665785,51.1661284140951],[-110.122208373218,51.0541178532564],[-109.926596834976,50.9533398247732],[-109.582866955745,50.7203524622964],[-109.418282028093,50.6124428099878],[-109.244829785066,50.5970194368976]],[[-116.851889203324,50.39446513246],[-116.841061365889,50.4061473258385],[-116.71167590312,50.4369670923575],[-116.41869476695,50.5716225823164],[-116.18056328237,50.7728548833463],[-116.039180863506,50.9656065774817],[-115.920614244951,51.2168321910528],[-115.8958019497,51.5597077143397],[-115.952612123351,51.7217925267038],[-116.056501806113,51.872752725358],[-116.287519653309,52.0085773339769],[-116.638264244499,52.0921243520573],[-117.199836902951,52.0698661314169],[-117.506083039301,52.0002136389484],[-117.72838645587,51.9089054716103],[-117.904428746389,51.7877667920039],[-118.023669856479,51.6251873525144],[-118.089338352283,51.4565464824343],[-118.076523013127,51.1331682611064],[-117.957066065746,50.8594236235015],[-117.798272772071,50.6643157056054],[-117.524159412427,50.4873021472764],[-117.266908341147,50.4058505495633],[-116.851889203324,50.39446513246]],[[-125.121254342414,50.1085166946898],[-125.141884790151,50.0503125718678],[-125.11161361008,50.0343675919909],[-125.121254342414,50.1085166946898]],[[-124.278463680155,49.7290837302301],[-124.311819534844,49.6752233328906],[-124.233884286331,49.6517600207085],[-124.278463680155,49.7290837302301]],[[-124.112206013497,49.6178735660124],[-124.233884286331,49.6517600207085],[-124.213820411483,49.6257786067973],[-124.098842087892,49.539227853083],[-124.112206013497,49.6178735660124]],[[-124.098842087892,49.539227853083],[-124.079003043556,49.4876067676383],[-124.111342664332,49.4617062927113],[-124.161641746369,49.3988976410134],[-124.382740071397,49.4467325806442],[-124.446448045141,49.497751120318],[-124.426429136395,49.5292183987102],[-124.394692061389,49.5546332397323],[-124.536856890433,49.6584779563926],[-124.669758702402,49.7144787402018],[-124.694013417985,49.7992938023672],[-124.744303506801,49.8395654435905],[-124.696918228194,49.9201716785802],[-124.836924684327,49.9027608037681],[-124.925184149928,49.9366832313461],[-125.038345842986,49.9225998481046],[-125.027446059788,50.0102927408174],[-125.11161361008,50.0343675919909],[-125.121829908523,49.9995638288077],[-125.14870165126,49.9526372044435],[-125.011779869745,49.8388999452764],[-124.825242490948,49.7238406827015],[-124.832248209687,49.6551054987199],[-124.730444954071,49.5705512399479],[-124.672753444816,49.5764328061292],[-124.586868189415,49.5676734094004],[-124.516244429137,49.5132914052742],[-124.635800301942,49.4614364960975],[-124.580312131699,49.4153462412361],[-124.277555364888,49.361395911692],[-124.131721301896,49.3762617051137],[-124.088634782669,49.3243798162756],[-124.041537287116,49.3039562126092],[-124.02111368345,49.2793687478695],[-123.940444495917,49.2556985916168],[-123.90693575648,49.2591160153919],[-123.7285372422,49.1893466110573],[-123.644333719026,49.1646332412312],[-123.616005074575,49.0993244742452],[-123.591417609835,49.0789008705788],[-123.570994006168,49.0543044126186],[-123.484506204997,48.9824755607985],[-123.321342206178,48.9213576345473],[-123.120874328887,48.8292490705882],[-123.015248954576,48.8058217312879],[-122.950596692683,48.8124137618857],[-122.764230185075,48.7559543238331],[-122.738266757605,48.7830149241994],[-122.85451312528,48.929901193985],[-122.848514647233,48.9887798083416],[-122.895809993636,49.0092933442126],[-122.938743628116,49.0338808089522],[-122.990418672883,49.0543044126186],[-122.981326526998,48.9650556927661],[-123.047822399084,48.9438586721401],[-123.21306383183,48.9900658388674],[-123.204619197818,49.0729743382952],[-123.323428633325,49.0993244742452],[-123.343852236991,49.1113124371193],[-123.252391184905,49.1677269090697],[-123.30147618218,49.2085021706387],[-123.298733249939,49.2354008930368],[-123.30322986017,49.2795306258378],[-123.274091825877,49.3037313820977],[-123.480971869356,49.3243798162756],[-123.640664485078,49.3924764816044],[-123.875846193347,49.4446281670564],[-123.953151916428,49.4367411127122],[-124.047131070243,49.4720574894616],[-124.041330443045,49.5289845749782],[-124.098842087892,49.539227853083]],[[-110.37013347488,48.1213477220198],[-110.359305637445,48.1330299153984],[-110.233913164561,48.2067473435152],[-109.971455018634,48.3089552940516],[-109.582534206588,48.3347298638922],[-109.304319938414,48.2862833852701],[-109.083104701521,48.2087438384574],[-108.970482601691,48.330296206205],[-108.592713383016,49.1328062340206],[-108.55882692832,49.2909879887048],[-109.055936182509,49.6108228811711],[-109.218083947416,49.6400778273299],[-109.383837993728,49.5523669481762],[-109.754583507223,49.1315112102742],[-109.999396954606,48.9046752105926],[-110.218426838927,48.7759102800355],[-110.5278475821,48.6779471295565],[-111.1984900183,48.6472892410058],[-111.371222803689,48.6077550438603],[-111.191178530065,48.5831495926797],[-111.058996175733,48.5554954397628],[-110.836216118479,48.4376123059632],[-110.680894207901,48.3307278807872],[-110.434363055411,48.1416813934816],[-110.37013347488,48.1213477220198]],[[-105.171224672281,48.0313255852077],[-105.159677377209,48.0433495209637],[-104.507273192104,48.1071564201327],[-104.485014971464,48.4068644852079],[-104.531384016159,48.587763114776],[-104.584048315178,48.6899980449739],[-104.804013494427,48.9013387258016],[-105.117454207146,49.0874084571347],[-105.326429670992,49.2188623606095],[-105.577745216768,49.4217404209837],[-105.759615114146,49.6110207320212],[-106.027406239806,49.9253877464474],[-106.132626919197,50.0264895308672],[-106.222514157702,50.0700976568814],[-106.374688441119,50.066986002602],[-106.938689269094,49.5300817478745],[-106.937538136875,49.4736942555855],[-106.814492894531,49.3115374974576],[-106.293056978996,49.034501341164],[-106.06340610131,48.8602487015165],[-105.941053336942,48.7328957065717],[-105.805678389346,48.5502793718956],[-105.604670918828,48.2116756283277],[-105.434860930088,48.0485206227286],[-105.171224672281,48.0313255852077]],[[-122.140811149515,47.9863145168016],[-122.130810688363,47.9988061000216],[-122.086824847089,48.0340325445663],[-122.133706505351,48.1137754303919],[-122.193979068879,48.1062840777481],[-122.218341703107,48.0084738120169],[-122.140811149515,47.9863145168016]],[[-122.343365453952,47.5586958771131],[-122.334174382642,47.5720058433951],[-122.262534388451,47.5903969792373],[-122.244152245829,47.65154188515],[-122.435572943337,47.7006628553066],[-122.475817604899,47.64236880028],[-122.459377997896,47.5690111009816],[-122.343365453952,47.5586958771131]],[[-122.230842279548,47.468673740301],[-122.230842279548,47.5361858462999],[-122.298354385546,47.5361858462999],[-122.298354385546,47.468673740301],[-122.230842279548,47.468673740301]],[[-122.230842279548,47.3336315418622],[-122.222460598078,47.3477598912061],[-122.179131261898,47.3734535220625],[-122.208350235175,47.4545453909571],[-122.306772039898,47.4095163361101],[-122.329237104609,47.3437309284397],[-122.230842279548,47.3336315418622]],[[-110.842763182974,46.8835118645809],[-110.83193534554,46.8951940579595],[-110.78606992119,46.9168407396085],[-110.728944984823,46.9470669535771],[-110.641593834488,47.0413428836672],[-110.544655911141,47.2467390457704],[-110.516848873477,47.5864579486755],[-110.587589545621,47.8280788027946],[-110.7413736155,48.0515693244648],[-110.915050689038,48.2124850181692],[-111.139332614109,48.2446987338595],[-111.333064569274,48.1651267192228],[-111.566717430065,47.9129478242828],[-111.690599041912,47.6504537054742],[-111.736797215419,47.4565328926789],[-111.70324350988,47.2961567922023],[-111.402348339704,47.0173579646984],[-111.145519949786,46.8961563325488],[-110.842763182974,46.8835118645809]],[[-122.073299043516,46.6809575601434],[-122.088767382709,46.8905985223041],[-122.220014442113,47.0518829380472],[-122.317716789198,47.185072533071],[-122.362386115227,47.3261671688798],[-122.527411710682,47.4119804785163],[-122.707671821597,47.3379303012425],[-122.73680086267,47.279033700445],[-122.575750270658,46.9286218584121],[-122.523949320804,46.8307216604763],[-122.375947891682,46.6935930348907],[-122.073299043516,46.6809575601434]],[[-123.986309920267,46.6359464917373],[-123.964843103027,46.6838803567931],[-124.039909514213,46.6689695972691],[-123.986309920267,46.6359464917373]],[[-106.296528362094,45.5106428019238],[-106.281482704263,45.5274781106264],[-105.799149311292,45.7360758592136],[-105.441767723402,45.8464316674875],[-105.06932249124,45.9263724041632],[-104.930799916483,45.9634694385638],[-104.794876382439,46.0200008223802],[-104.697857520108,46.1725618142764],[-104.960036876201,46.2335628286617],[-105.179903130025,46.3181530603156],[-105.41929366547,46.4853640083424],[-105.602944220499,46.690904061973],[-105.810112047033,47.0467478091641],[-105.956090001552,47.2183564419963],[-106.154615343223,47.2542303984142],[-106.791668101002,47.216261021629],[-107.140335258266,47.2370443541137],[-107.472859584802,47.207636523207],[-107.688256208058,47.1499450139513],[-107.83255243035,47.0381233107423],[-107.86007168496,46.9058780038669],[-107.635007349709,46.6478355291864],[-107.493373120673,46.4662354284224],[-107.345083908496,46.2115294385329],[-107.24034886301,45.9833444557821],[-107.100971932309,45.8946982817004],[-106.802289094366,45.7700972122166],[-106.587018376197,45.6724668108947],[-106.395237949871,45.5238448495603],[-106.296528362094,45.5106428019238]],[[-122.433396583985,45.3981106342984],[-122.375678095068,45.47543434382],[-122.356072874463,45.5495744532985],[-122.442155980714,45.5879665114454],[-122.54182784308,45.5140692189194],[-122.528607809003,45.4246226482167],[-122.433396583985,45.3981106342984]],[[-120.362833477983,44.9930020254232],[-120.352014633768,45.0046842188017],[-120.278953710745,45.0278147818268],[-120.211873279328,45.1002102065359],[-120.217422096353,45.2402706219917],[-120.337526555606,45.3968875563157],[-120.577069975799,45.4539495401393],[-120.741079337342,45.5019643441792],[-120.882605647732,45.5993519285487],[-120.987637469494,45.7329102456114],[-121.04222631769,45.8485720539572],[-121.071930924872,46.1585503767985],[-121.141997105482,46.2909665548627],[-121.289360015952,46.3861238205579],[-121.479764479547,46.4217099939212],[-121.52314777505,46.374882294982],[-121.521259198753,46.3271822536582],[-121.41990560416,46.1356536375055],[-121.354291067679,45.9671476657323],[-121.365928294955,45.6734740515863],[-121.521385103839,45.4195864447587],[-121.422720482165,45.0430582905078],[-121.332770291116,45.0006012967125],[-121.105538589734,45.0096035103938],[-120.959677547081,45.003829862858],[-120.362833477983,44.9930020254232]],[[-101.660280397622,42.9449489502339],[-101.649452560187,42.9566311436124],[-101.581077105024,43.0007878560748],[-101.505300229422,43.0529305483062],[-101.434892306435,43.1289232611996],[-101.346237139133,43.3167736501839],[-101.311865050532,43.6183702915558],[-101.360311529154,43.8499097455384],[-101.423983530016,44.0315727988457],[-101.585438816948,44.2662059206668],[-101.728979608722,44.3588990439558],[-101.859417278285,44.3961579563247],[-102.052025080893,44.3456880030989],[-102.221421381491,44.207830926656],[-102.386042282026,43.9153893837131],[-102.413804353588,43.5473598227977],[-102.343072674664,43.3057389686786],[-102.206007001622,43.1065481286932],[-101.976176259527,42.9581330114294],[-101.660280397622,42.9449489502339]],[[-120.790452117671,38.9838760050737],[-120.737320171189,39.065822229912],[-120.71333525222,39.1544504175528],[-120.801612704263,39.2970918872808],[-120.935638668789,39.3535783049949],[-121.063054616277,39.3023619144709],[-121.092633318373,39.1370305495203],[-121.034393222669,39.0429344838394],[-120.968481909912,38.9939034458874],[-120.790452117671,38.9838760050737]],[[-116.176705190792,37.8810823460735],[-116.165679502507,37.8925576953814],[-116.030187643045,37.9146090719512],[-115.899147427712,37.9414538350266],[-115.638973559782,38.0540219755338],[-115.50894957836,38.1893519570273],[-115.43321766886,38.345456277785],[-115.374195162976,38.9488564045995],[-115.329795633562,39.165637983806],[-115.260934544494,39.366834311954],[-115.190292797774,39.5039629375396],[-115.046985829732,39.7153755641311],[-114.806147385793,39.9467711265863],[-114.581280901392,40.0802485046648],[-114.001272140996,40.336177572537],[-113.857002898365,40.4456520452058],[-113.732069079724,40.6660039329352],[-113.66035713977,40.9601721742065],[-113.62248668841,41.3200898502665],[-113.668846739885,41.6373616749015],[-113.740315862887,41.8461572743388],[-114.089153891339,41.7452083746668],[-114.371226251091,41.6992889909942],[-114.663478936404,41.7419977949623],[-114.808134887515,41.7915144668192],[-115.007685456319,41.8943069766857],[-115.204340208134,42.053055304259],[-115.536774602466,42.4350243568886],[-115.703266092856,42.5584383212716],[-115.850143369421,42.5283559988303],[-116.086161447193,42.489936961022],[-116.398738810747,42.5298938395292],[-116.600726542296,42.5990337184314],[-116.761408412268,42.6817983263318],[-116.986841469558,42.8762317526933],[-117.176049834832,43.1429436918979],[-117.273275541233,43.2066966317442],[-117.520993798825,43.3043989788299],[-117.728800144011,43.3449673963283],[-117.906110478616,43.3147231959188],[-118.083348867456,43.2234150285808],[-118.348316121891,43.0009857069249],[-118.577643243641,42.8235314807933],[-119.08745092512,42.5502185177705],[-119.229220052463,42.4357797874073],[-119.323909670695,42.2913486668076],[-119.541761443136,41.7655330529082],[-119.822215023205,41.2638462495049],[-119.856218389767,41.0848901555563],[-119.800496395792,40.9220948787757],[-119.247170520503,40.8226748265821],[-119.080759969097,40.7885905210358],[-118.702487130077,40.6741248110113],[-118.298871395798,40.4662015539586],[-118.092072291303,40.2925964261842],[-117.975942835493,40.1717275431917],[-117.816268206213,39.9281911331144],[-117.736705184796,39.7264552117387],[-117.662250312602,39.421036451671],[-117.628570701976,38.9048795565464],[-117.604262027071,38.7385499441247],[-117.531686737953,38.5264987988805],[-117.345688952383,38.2813795820022],[-117.227913737229,38.168226882165],[-116.99175176793,38.0006921782015],[-116.662806743137,37.8939516445528],[-116.176705190792,37.8810823460735]],[[-119.822691663889,36.440692184197],[-119.812268521375,36.4527790724963],[-119.69077011295,36.5069991986542],[-119.494672940804,36.5515426195963],[-119.423095899156,36.591490504883],[-119.329755263994,37.0404860296067],[-119.138298593605,37.2719445446051],[-119.08452812847,37.3924447055588],[-119.092981755703,37.4976653849496],[-119.280580334515,37.7537023714673],[-119.384236193545,37.9859972559686],[-119.457962614883,38.3334503284699],[-119.54477417199,38.4082379498216],[-119.847449999818,38.3533613185701],[-120.043052544839,38.2709834191496],[-120.131383956205,38.1299697223249],[-120.296841226242,37.7474970493494],[-120.280077863303,37.5388543346599],[-120.460697703036,37.3279273419733],[-120.485779794902,37.0775021250232],[-120.340863040397,36.9867335509127],[-120.239887161064,36.8562149423658],[-120.115573874635,36.7110463776883],[-120.04386193468,36.5503375280546],[-119.97730311005,36.4564572996647],[-119.822691663889,36.440692184197]],[[-111.562958263913,34.6852155502575],[-111.552337270549,34.6971045877066],[-111.466155238873,34.736656771293],[-111.337597152387,34.8421382540773],[-111.186888763905,35.1117819831521],[-111.132902461479,35.3438250574805],[-111.172580550152,35.5670997418597],[-111.252440347844,35.7140579574089],[-111.385953698804,35.8333440336003],[-111.559873589295,35.900208627726],[-111.800577134927,35.8858554478707],[-111.990145229019,35.8070118840912],[-112.167761333119,35.6559167871301],[-112.267235344635,35.4995066968767],[-112.293774338215,35.2003562114701],[-112.214858828672,34.9804359983227],[-112.010946547945,34.7982423450083],[-111.80240275868,34.7025274996445],[-111.562958263913,34.6852155502575]],[[-118.359791471199,34.0775526369447],[-118.260128602053,34.2127297336904],[-118.313521351929,34.3059534569865],[-118.434183390851,34.2606096394234],[-118.460029906455,34.0903769693218],[-118.359791471199,34.0775526369447]],[[-118.022203961544,33.9200094009132],[-117.98407270679,33.9816939000535],[-117.990934534002,34.0969150405967],[-118.09201833198,34.1331846987149],[-118.257880296938,33.9853901136629],[-118.153774776884,33.9376091333549],[-118.022203961544,33.9200094009132]],[[-116.08668305398,33.1773042891617],[-116.076466755536,33.1895980215315],[-115.959977570908,33.261453853013],[-115.839333518427,33.4066853702337],[-115.855080647454,33.5611529248677],[-116.057527033246,33.648953736226],[-116.223829666006,33.6119286475891],[-116.362235328897,33.5123197377658],[-116.389466800452,33.3017704603385],[-116.253561252849,33.1888785638947],[-116.08668305398,33.1773042891617]],[[-108.164537163659,32.9747499847241],[-108.153511475374,32.9862343272525],[-108.066502067416,33.0284395108748],[-107.958691340533,33.1015274135594],[-107.774042538033,33.3247301521749],[-107.69903008617,33.5149187784789],[-107.703463743857,33.7322399509131],[-107.755147781845,33.8832451156696],[-107.879038386912,34.1237328240107],[-108.048659518022,34.393367559865],[-108.245242324074,34.6524352616781],[-108.899885821074,35.2181717812028],[-109.476297293285,35.8181005249194],[-109.799927324786,36.1899611977511],[-110.169009092496,36.6878438688995],[-110.291298904321,36.8393436607814],[-110.460290509999,37.0017072629799],[-110.642232353141,37.1365695970094],[-110.857853806908,37.2411877306293],[-110.947021587776,37.2393621068758],[-110.943640136883,37.0737699385319],[-110.741031873122,36.6211861188444],[-110.588641752415,36.2758284667104],[-110.42322944848,35.7660747445539],[-110.31274773512,35.2627601682473],[-109.899392343082,35.1398318377692],[-109.697188774242,35.0523457891269],[-109.4937531342,34.9144437465817],[-109.384755302215,34.8009942704693],[-109.296181073897,34.6658981127078],[-109.25270784619,34.5762896640368],[-109.203955598072,34.4260669094604],[-109.211995537164,34.0324246566727],[-109.329429009941,33.7609912767261],[-109.526524429559,33.5262052701572],[-109.502359646181,33.4792966322338],[-109.26305904294,33.3372487150563],[-108.68530758088,33.0855104879188],[-108.436654028361,32.9874394187942],[-108.164537163659,32.9747499847241]],[[-116.89690027173,32.6596725058815],[-116.886279278366,32.6715525501102],[-116.842518267604,32.7106550726735],[-116.912926190591,32.9068961363477],[-116.959717916648,32.9403599096822],[-117.062330562106,32.8846019428255],[-117.087565538719,32.8183129148093],[-117.009549351222,32.6747361501533],[-116.89690027173,32.6596725058815]],[[-106.476581628939,31.6694020212863],[-106.421615065483,31.79322068059],[-106.502814853023,31.8373594066114],[-106.532006846639,31.686084445241],[-106.476581628939,31.6694020212863]],[[-114.74401322563,31.6730802484548],[-114.76393320895,31.6550128685491],[-114.736315028915,31.6468919904731],[-114.74401322563,31.6730802484548]],[[-97.0690345083358,31.6243909528803],[-97.078054708458,31.6755353976405],[-97.0982894544946,31.6369095157616],[-97.0690345083358,31.6243909528803]],[[-110.865264220567,30.5215883006596],[-110.854445376353,30.5332704940382],[-110.742920449419,30.5598364672792],[-110.546103819636,30.6288234614337],[-110.351931196667,30.7868433381496],[-110.189891350405,31.0077617987681],[-110.090300427023,31.263511002231],[-110.238166957839,31.4005137227302],[-110.482674635726,31.5159147276826],[-110.722011211848,31.5486230704984],[-111.181771621463,31.5303938126244],[-111.383939217421,31.4880986967975],[-111.614489417153,31.3661056612473],[-111.821351474191,31.1334960140299],[-111.733433750967,30.9673552592379],[-111.522947426083,30.7292507543189],[-111.350241620354,30.6177168341646],[-111.143757278575,30.537308450025],[-110.865264220567,30.5215883006596]],[[-97.6541963840558,30.2965329586292],[-97.645005312745,30.3098429249111],[-97.6183763869606,30.3282250675329],[-97.5930694645841,30.364881434131],[-97.6099857122708,30.4403165673557],[-97.7084884559774,30.4182292179042],[-97.7309085545861,30.3162191182178],[-97.6541963840558,30.2965329586292]],[[-93.8731767057403,30.1614907601905],[-93.8808749024547,30.1876790181722],[-93.9007948857753,30.1696116382666],[-93.8731767057403,30.1614907601905]],[[-95.3135668676168,29.7113710829092],[-95.2761910433819,29.7781277583894],[-95.2079414933052,29.8308100438485],[-95.1551243095392,29.8992304651139],[-95.1713121063685,30.0087948699874],[-95.2307842732756,30.0362601652745],[-95.2623864499747,29.9227657230597],[-95.3262652949074,29.8366016778252],[-95.3733627904603,29.7215334220299],[-95.3135668676168,29.7113710829092]],[[-98.5319347010256,29.2612514056279],[-98.521520551732,29.2733382939272],[-98.4973377819131,29.2941755857348],[-98.4051572721903,29.422553807812],[-98.3214933422439,29.4598846659447],[-98.2739551788883,29.5254632295445],[-98.3265025660405,29.5707351013439],[-98.4182334147403,29.5633696537866],[-98.6347541905534,29.4425637233372],[-98.8772653734981,29.405610580464],[-98.9474574591943,29.3540164746806],[-98.9018528382379,29.2722681006924],[-98.5319347010256,29.2612514056279]]]},"properties":{"OBJECTID":107,"Id":107,"gridcode":1,"Unixtime":1790600400,"Timestamp":1790600400000,"Shape__Area":8815283282169.719,"Shape__Length":42643952.83533961}},{"type":"Feature","id":108,"geometry":{"type":"Polygon","coordinates":[[[-81.179740652509,25.1876462928422],[-81.1266806517906,25.1740305570646],[-81.0327014979757,25.1128406850497],[-81.022206409698,25.0976241560301],[-81.158894367481,25.1147202681259],[-81.179740652509,25.1876462928422]]]},"properties":{"OBJECTID":108,"Id":108,"gridcode":1,"Unixtime":1790600400,"Timestamp":1790600400000,"Shape__Area":89190049.90820312,"Shape__Length":45855.90914893192}},{"type":"Feature","id":109,"geometry":{"type":"Polygon","coordinates":[[[-80.9321752796654,25.052613087624],[-80.9546853104786,25.052613087624],[-80.9546853104786,25.0751141252168],[-80.9321752796654,25.0751141252168],[-80.9321752796654,25.052613087624]]]},"properties":{"OBJECTID":109,"Id":109,"gridcode":1,"Unixtime":1790600400,"Timestamp":1790600400000,"Shape__Area":6929013.49609375,"Shape__Length":10541.979243439622}},{"type":"Feature","id":110,"geometry":{"type":"Polygon","coordinates":[[[-80.6846099068217,24.9625909508118],[-80.707119937635,24.9625909508118],[-80.717776903881,24.9764045374395],[-80.8617583634576,25.0330078670195],[-80.9321752796654,25.052613087624],[-80.9321752796654,25.0751141252168],[-80.9546853104786,25.0751141252168],[-80.9546853104786,25.0976241560301],[-81.022206409698,25.0976241560301],[-81.0327014979757,25.1128406850497],[-81.1266806517906,25.1740305570646],[-81.179740652509,25.1876462928422],[-81.2034108087618,25.2551673920616],[-81.1639035912776,25.3678884173167],[-81.1905684899438,25.4243928214716],[-81.2922728201345,25.6152649325307],[-81.2700145994941,25.6430629769749],[-81.1302689467544,25.7412959240677],[-81.1004834005884,25.7375907172379],[-80.8950782452648,25.7962445010829],[-80.7329934329006,25.7760817008099],[-80.5952172954418,25.6950977505608],[-80.4635025885735,25.6665982349207],[-80.3145029119797,25.5577532876841],[-80.2795012979465,25.5477438333114],[-80.3073533017134,25.4917160698408],[-80.2702562673128,25.4157413433884],[-80.220838520881,25.4549967506996],[-80.2119801987271,25.5252427957186],[-80.1819158627268,25.5102960633127],[-80.1444680927282,25.5027327649053],[-80.1778149541967,25.3973951736484],[-80.3768349229932,25.0891975084583],[-80.4037156589504,25.0642952810025],[-80.4253623405994,25.0409308942454],[-80.4487267273565,25.0192842125964],[-80.4892501787527,24.9755501814957],[-80.5495767016034,24.9400809199985],[-80.6037788413204,24.9533998795009],[-80.6846099068217,24.9625909508118]]]},"properties":{"OBJECTID":110,"Id":110,"gridcode":2,"Unixtime":1790600400,"Timestamp":1790600400000,"Shape__Area":8672806195.701172,"Shape__Length":393813.33136327565}},{"type":"Feature","id":111,"geometry":{"type":"Polygon","coordinates":[[[-80.7521310060411,24.8950698515924],[-80.8712012449415,24.903649383912],[-80.8477469259798,24.951664187952],[-80.8722174788535,25.0000387208104],[-80.9246209744783,25.0151563244049],[-80.9321752796654,25.052613087624],[-80.8617583634576,25.0330078670195],[-80.717776903881,24.9764045374395],[-80.707119937635,24.9625909508118],[-80.6958604256181,24.9337586860146],[-80.6846099068217,24.9625909508118],[-80.6037788413204,24.9533998795009],[-80.5495767016034,24.9400809199985],[-80.5607732610771,24.9255658621749],[-80.6494014487178,24.8598613934886],[-80.6973083341123,24.8402561728841],[-80.7944441083089,24.7816653415823],[-80.9023357741765,24.7657203617054],[-80.9860986295481,24.8000025181018],[-80.8519557531554,24.8373513626753],[-80.8098405017377,24.8627572104769],[-80.7619336163432,24.8823714243019],[-80.7521310060411,24.8950698515924]],[[-80.7235505514167,24.9073006314191],[-80.7430028872733,24.9468258353441],[-80.7521310060411,24.8950698515924],[-80.7235505514167,24.9073006314191]]]},"properties":{"OBJECTID":111,"Id":111,"gridcode":1,"Unixtime":1790600400,"Timestamp":1790600400000,"Shape__Area":628923779.8476562,"Shape__Length":188063.61130467345}},{"type":"Feature","id":112,"geometry":{"type":"Polygon","coordinates":[[[-100.17487916734,19.9887464834635],[-102.097144067944,19.9994753954732],[-102.302180501229,20.172190194422],[-102.520436968591,20.4381916692103],[-102.653671529717,20.7319732020018],[-102.692432309903,21.0234614635758],[-102.648401502527,21.3060014707913],[-102.548567762192,21.5235115008551],[-102.37129340047,21.7507971615598],[-102.122567902187,21.9245371876412],[-101.91495940785,21.9990280327176],[-101.677079733443,22.0413051621036],[-101.255648429431,22.0161870973567],[-100.929221506367,22.0658386675205],[-100.592947006899,22.0858845559276],[-100.305163952155,22.0189210363768],[-100.058021260673,21.8750385022251],[-99.911152977328,21.6960284489538],[-99.8567709732018,21.595960884887],[-99.8075330911792,21.4587513203173],[-99.7642487211015,21.2151429644763],[-99.8136754607539,20.8979250991641],[-99.8691456445558,20.7182945136809],[-99.9617038695379,20.4957662666],[-100.033829497633,20.2339286528851],[-100.117979061484,20.0893896136398],[-100.164258173975,20.0231365585054],[-100.17487916734,19.9887464834635]]]},"properties":{"OBJECTID":112,"Id":112,"gridcode":1,"Unixtime":1790600400,"Timestamp":1790600400000,"Shape__Area":69338603359.00977,"Shape__Length":968079.2507989495}}]}